Shift,Name,Move,Stay,Bad,Absent
23.02.13 - 1,Cart 16,0.064514,0.935382,0.000000,0.000104
23.02.13 - 1,Cart 05,0.110069,0.874757,0.015069,0.000104
23.02.13 - 1,Cart 09,0.109687,0.889896,0.000000,0.000417
23.02.13 - 1,Cart 15,0.004931,0.005799,0.897326,0.091944
23.02.13 - 1,Forklift 01,0.179931,0.819965,0.000000,0.000104
23.02.13 - 1,Cart 04,0.346007,0.651701,0.002188,0.000104
23.02.13 - 1,Cart 12,0.061042,0.938854,0.000000,0.000104
23.02.13 - 1,Forklift 17,0.148715,0.851181,0.000000,0.000104
23.02.13 - 1,Pallet truck 07,0.097292,0.902604,0.000000,0.000104
23.02.13 - 1,Cart 10,0.163507,0.836389,0.000000,0.000104
23.02.13 - 1,Pallet truck 03,0.050035,0.949861,0.000000,0.000104
23.02.13 - 1,Forklift 06,0.005660,0.994236,0.000000,0.000104
23.02.13 - 1,Pallet truck 02,0.316146,0.680451,0.003299,0.000104
23.02.13 - 1,Pallet truck 11,0.139549,0.860347,0.000000,0.000104
23.02.13 - 1,Pallet truck 14,0.069757,0.869028,0.000000,0.061215
23.02.13 - 1,Cart 13,0.027500,0.971736,0.000000,0.000764
23.02.13 - 1,Pallet truck 08,0.073056,0.926493,0.000000,0.000451
23.02.13 - 2,Cart 16,0.044826,0.506632,0.000000,0.448542
23.02.13 - 2,Cart 05,0.120208,0.878993,0.000694,0.000104
23.02.13 - 2,Cart 09,0.007049,0.723993,0.000000,0.268958
23.02.13 - 2,Cart 15,0.000000,0.002431,0.997465,0.000104
23.02.13 - 2,Forklift 01,0.070799,0.387604,0.000000,0.541597
23.02.13 - 2,Cart 04,0.137500,0.860451,0.001944,0.000104
23.02.13 - 2,Cart 12,0.039826,0.960069,0.000000,0.000104
23.02.13 - 2,Forklift 17,0.144410,0.716354,0.000347,0.138889
23.02.13 - 2,Pallet truck 07,0.118368,0.881528,0.000000,0.000104
23.02.13 - 2,Cart 10,0.006319,0.720972,0.000000,0.272708
23.02.13 - 2,Pallet truck 03,0.056042,0.943854,0.000000,0.000104
23.02.13 - 2,Forklift 06,0.000000,0.984722,0.000000,0.015278
23.02.13 - 2,Pallet truck 02,0.165278,0.832639,0.001979,0.000104
23.02.13 - 2,Pallet truck 11,0.073646,0.915937,0.000000,0.010417
23.02.13 - 2,Pallet truck 14,0.000000,0.999896,0.000000,0.000104
23.02.13 - 2,Cart 13,0.008715,0.991181,0.000000,0.000104
23.02.13 - 2,Pallet truck 08,0.043333,0.956562,0.000000,0.000104
23.02.13 - 3,Cart 05,0.190938,0.807778,0.001181,0.000104
23.02.13 - 3,Cart 15,0.000000,0.000556,0.075104,0.924340
23.02.13 - 3,Forklift 01,0.033125,0.621354,0.000000,0.345521
23.02.13 - 3,Cart 04,0.341944,0.657604,0.000347,0.000104
23.02.13 - 3,Cart 12,0.021667,0.978229,0.000000,0.000104
23.02.13 - 3,Pallet truck 07,0.002951,0.103160,0.000000,0.893889
23.02.13 - 3,Pallet truck 03,0.042569,0.957326,0.000000,0.000104
23.02.13 - 3,Pallet truck 02,0.211285,0.788229,0.000382,0.000104
23.02.13 - 3,Pallet truck 14,0.034132,0.965764,0.000000,0.000104
23.02.13 - 3,Cart 13,0.012049,0.987847,0.000000,0.000104
23.02.13 - 3,Pallet truck 08,0.009479,0.020521,0.000000,0.970000
23.02.14 - 1,Cart 16,0.053056,0.259028,0.000000,0.687917
23.02.14 - 1,Cart 05,0.124167,0.822292,0.001944,0.051597
23.02.14 - 1,Cart 09,0.025382,0.290903,0.000000,0.683715
23.02.14 - 1,Cart 15,0.032813,0.291701,0.000000,0.675486
23.02.14 - 1,Forklift 01,0.066285,0.284687,0.000000,0.649028
23.02.14 - 1,Cart 04,0.335556,0.530694,0.003299,0.130451
23.02.14 - 1,Cart 12,0.095799,0.746597,0.000000,0.157604
23.02.14 - 1,Forklift 17,0.182708,0.473403,0.000486,0.343403
23.02.14 - 1,Pallet truck 07,0.038785,0.259097,0.000000,0.702118
23.02.14 - 1,Cart 10,0.054062,0.218993,0.000000,0.726944
23.02.14 - 1,Pallet truck 03,0.095208,0.657049,0.000000,0.247743
23.02.14 - 1,Forklift 06,0.126597,0.363785,0.000000,0.509618
23.02.14 - 1,Pallet truck 02,0.362743,0.607778,0.012153,0.017326
23.02.14 - 1,Pallet truck 11,0.042569,0.268437,0.000000,0.688993
23.02.14 - 1,Pallet truck 14,0.088056,0.625451,0.082917,0.203576
23.02.14 - 1,Cart 13,0.076528,0.739826,0.000000,0.183646
23.02.14 - 1,Pallet truck 08,0.022187,0.311042,0.000000,0.666771
23.02.14 - 2,Cart 16,0.126354,0.873542,0.000000,0.000104
23.02.14 - 2,Cart 05,0.062986,0.936910,0.000000,0.000104
23.02.14 - 2,Cart 09,0.147674,0.852222,0.000000,0.000104
23.02.14 - 2,Cart 15,0.002708,0.134410,0.000000,0.862882
23.02.14 - 2,Forklift 01,0.352326,0.647569,0.000000,0.000104
23.02.14 - 2,Cart 04,0.064410,0.047535,0.000000,0.888056
23.02.14 - 2,Cart 12,0.052639,0.947257,0.000000,0.000104
23.02.14 - 2,Forklift 17,0.136319,0.862812,0.000764,0.000104
23.02.14 - 2,Pallet truck 07,0.006181,0.993715,0.000000,0.000104
23.02.14 - 2,Cart 10,0.015139,0.759132,0.000000,0.225729
23.02.14 - 2,Pallet truck 03,0.070938,0.928958,0.000000,0.000104
23.02.14 - 2,Forklift 06,0.118715,0.881181,0.000000,0.000104
23.02.14 - 2,Pallet truck 02,0.257222,0.740625,0.002049,0.000104
23.02.14 - 2,Pallet truck 11,0.107847,0.892049,0.000000,0.000104
23.02.14 - 2,Pallet truck 14,0.000000,0.001285,0.998611,0.000104
23.02.14 - 2,Cart 13,0.049931,0.949965,0.000000,0.000104
23.02.14 - 2,Pallet truck 08,0.014271,0.769757,0.000000,0.215972
23.02.14 - 3,Cart 16,0.105799,0.894097,0.000000,0.000104
23.02.14 - 3,Cart 05,0.115694,0.884201,0.000000,0.000104
23.02.14 - 3,Cart 09,0.023160,0.976736,0.000000,0.000104
23.02.14 - 3,Forklift 01,0.121910,0.877986,0.000000,0.000104
23.02.14 - 3,Cart 12,0.030625,0.722222,0.000000,0.247153
23.02.14 - 3,Forklift 17,0.330625,0.668854,0.000417,0.000104
23.02.14 - 3,Pallet truck 07,0.000000,0.999896,0.000000,0.000104
23.02.14 - 3,Pallet truck 03,0.074167,0.925729,0.000000,0.000104
23.02.14 - 3,Forklift 06,0.051944,0.416910,0.000000,0.531146
23.02.14 - 3,Pallet truck 02,0.132188,0.521424,0.002257,0.344132
23.02.14 - 3,Pallet truck 11,0.124097,0.834583,0.000000,0.041319
23.02.14 - 3,Pallet truck 14,0.000000,0.000833,0.708576,0.290590
23.02.14 - 3,Cart 13,0.176910,0.603611,0.000000,0.219479
23.02.15 - 1,Cart 16,0.143889,0.856007,0.000000,0.000104
23.02.15 - 1,Cart 05,0.099271,0.900625,0.000000,0.000104
23.02.15 - 1,Cart 09,0.076146,0.923750,0.000000,0.000104
23.02.15 - 1,Forklift 01,0.134583,0.865313,0.000000,0.000104
23.02.15 - 1,Forklift 17,0.287083,0.710069,0.002743,0.000104
23.02.15 - 1,Pallet truck 07,0.000000,0.999896,0.000000,0.000104
23.02.15 - 1,Pallet truck 03,0.080764,0.919132,0.000000,0.000104
23.02.15 - 2,Cart 16,0.118576,0.881007,0.000000,0.000417
23.02.15 - 2,Cart 05,0.070903,0.890139,0.000000,0.038958
23.02.15 - 2,Cart 09,0.184375,0.815521,0.000000,0.000104
23.02.15 - 2,Cart 15,0.029167,0.379861,0.000000,0.590972
23.02.15 - 2,Forklift 01,0.057118,0.555937,0.000000,0.386944
23.02.15 - 2,Cart 04,0.262153,0.303368,0.000451,0.434028
23.02.15 - 2,Cart 12,0.038472,0.076771,0.000000,0.884757
23.02.15 - 2,Forklift 17,0.073576,0.387292,0.002396,0.536736
23.02.15 - 2,Pallet truck 07,0.024479,0.975069,0.000000,0.000451
23.02.15 - 2,Cart 10,0.125104,0.562951,0.000000,0.311944
23.02.15 - 2,Pallet truck 03,0.056944,0.942535,0.000000,0.000521
23.02.15 - 2,Forklift 06,0.000000,0.649062,0.000000,0.350938
23.02.15 - 2,Pallet truck 02,0.226181,0.349687,0.000625,0.423507
23.02.15 - 2,Pallet truck 11,0.008194,0.041458,0.000000,0.950347
23.02.15 - 2,Pallet truck 14,0.016597,0.569861,0.000000,0.413542
23.02.15 - 2,Cart 13,0.008368,0.078715,0.017083,0.895833
23.02.15 - 2,Pallet truck 08,0.002153,0.662465,0.000000,0.335382
23.02.15 - 3,Cart 16,0.004410,0.995486,0.000000,0.000104
23.02.15 - 3,Cart 05,0.019062,0.980833,0.000000,0.000104
23.02.15 - 3,Cart 09,0.079236,0.862153,0.000000,0.058611
23.02.15 - 3,Cart 15,0.005139,0.994757,0.000000,0.000104
23.02.15 - 3,Forklift 01,0.043646,0.526528,0.000000,0.429826
23.02.15 - 3,Cart 04,0.336181,0.663576,0.000139,0.000104
23.02.15 - 3,Cart 12,0.063264,0.180347,0.000000,0.756389
23.02.15 - 3,Forklift 17,0.012812,0.018194,0.000000,0.968993
23.02.15 - 3,Pallet truck 07,0.259896,0.738958,0.001042,0.000104
23.02.15 - 3,Cart 10,0.176736,0.820486,0.000000,0.002778
23.02.15 - 3,Pallet truck 03,0.062674,0.936597,0.000000,0.000729
23.02.15 - 3,Forklift 06,0.001250,0.998646,0.000000,0.000104
23.02.15 - 3,Pallet truck 02,0.325729,0.666111,0.008056,0.000104
23.02.15 - 3,Pallet truck 11,0.013750,0.056354,0.000868,0.929028
23.02.15 - 3,Pallet truck 14,0.029653,0.970243,0.000000,0.000104
23.02.15 - 3,Cart 13,0.002118,0.077951,0.000000,0.919931
23.02.15 - 3,Pallet truck 08,0.008715,0.991181,0.000000,0.000104
23.02.16 - 1,Cart 16,0.091632,0.908264,0.000000,0.000104
23.02.16 - 1,Cart 05,0.076181,0.923715,0.000000,0.000104
23.02.16 - 1,Cart 09,0.071354,0.644028,0.000000,0.284618
23.02.16 - 1,Cart 15,0.165868,0.834028,0.000000,0.000104
23.02.16 - 1,Forklift 01,0.177535,0.750799,0.000000,0.071667
23.02.16 - 1,Cart 04,0.283194,0.629514,0.007188,0.080104
23.02.16 - 1,Cart 12,0.206285,0.793611,0.000000,0.000104
23.02.16 - 1,Forklift 17,0.312951,0.684583,0.002361,0.000104
23.02.16 - 1,Pallet truck 07,0.089028,0.910868,0.000000,0.000104
23.02.16 - 1,Cart 10,0.152118,0.844132,0.000000,0.003750
23.02.16 - 1,Pallet truck 03,0.086875,0.913021,0.000000,0.000104
23.02.16 - 1,Forklift 06,0.004479,0.808125,0.000000,0.187396
23.02.16 - 1,Pallet truck 02,0.251597,0.744444,0.003854,0.000104
23.02.16 - 1,Pallet truck 11,0.207882,0.787326,0.000000,0.004792
23.02.16 - 1,Pallet truck 14,0.174375,0.825521,0.000000,0.000104
23.02.16 - 1,Cart 13,0.079792,0.920104,0.000000,0.000104
23.02.16 - 1,Pallet truck 08,0.030139,0.901458,0.000000,0.068403
23.02.16 - 2,Cart 16,0.086285,0.581736,0.000000,0.331979
23.02.16 - 2,Cart 05,0.084410,0.912257,0.000000,0.003333
23.02.16 - 2,Cart 09,0.060868,0.529653,0.021319,0.388160
23.02.16 - 2,Cart 15,0.301528,0.695937,0.000000,0.002535
23.02.16 - 2,Forklift 01,0.274896,0.722569,0.000000,0.002535
23.02.16 - 2,Cart 04,0.143368,0.856042,0.000486,0.000104
23.02.16 - 2,Cart 12,0.111979,0.768403,0.000000,0.119618
23.02.16 - 2,Forklift 17,0.168021,0.827187,0.001736,0.003056
23.02.16 - 2,Pallet truck 07,0.173958,0.823646,0.000000,0.002396
23.02.16 - 2,Cart 10,0.231424,0.646319,0.036389,0.085868
23.02.16 - 2,Pallet truck 03,0.091424,0.904618,0.000000,0.003958
23.02.16 - 2,Forklift 06,0.023021,0.822778,0.000000,0.154201
23.02.16 - 2,Pallet truck 02,0.224514,0.772222,0.000000,0.003264
23.02.16 - 2,Pallet truck 11,0.054792,0.786458,0.000000,0.158750
23.02.16 - 2,Pallet truck 14,0.150938,0.757708,0.000000,0.091354
23.02.16 - 2,Cart 13,0.188576,0.810590,0.000000,0.000833
23.02.16 - 2,Pallet truck 08,0.000000,0.780278,0.000000,0.219722
23.02.16 - 3,Cart 16,0.219479,0.759444,0.000000,0.021076
23.02.16 - 3,Cart 05,0.056597,0.469062,0.000000,0.474340
23.02.16 - 3,Cart 09,0.001528,0.046285,0.952083,0.000104
23.02.16 - 3,Cart 15,0.023333,0.601840,0.000000,0.374826
23.02.16 - 3,Forklift 01,0.074410,0.581215,0.000000,0.344375
23.02.16 - 3,Cart 04,0.030139,0.190035,0.686875,0.092951
23.02.16 - 3,Cart 12,0.018229,0.981667,0.000000,0.000104
23.02.16 - 3,Forklift 17,0.318854,0.645069,0.022500,0.013576
23.02.16 - 3,Pallet truck 07,0.000069,0.152743,0.703785,0.143403
23.02.16 - 3,Cart 10,0.000000,0.001840,0.998056,0.000104
23.02.16 - 3,Pallet truck 03,0.075313,0.711944,0.000000,0.212743
23.02.16 - 3,Forklift 06,0.001667,0.998229,0.000000,0.000104
23.02.16 - 3,Pallet truck 02,0.106007,0.583438,0.000000,0.310556
23.02.16 - 3,Pallet truck 11,0.048229,0.951667,0.000000,0.000104
23.02.16 - 3,Pallet truck 14,0.168056,0.831840,0.000000,0.000104
23.02.16 - 3,Cart 13,0.193993,0.582674,0.000000,0.223333
23.02.16 - 3,Pallet truck 08,0.057743,0.863472,0.000000,0.078785
23.02.17 - 1,Cart 16,0.176736,0.823160,0.000000,0.000104
23.02.17 - 1,Cart 05,0.000000,0.004931,0.944653,0.050417
23.02.17 - 1,Cart 09,0.000000,0.018993,0.957569,0.023438
23.02.17 - 1,Cart 15,0.000000,0.001007,0.967812,0.031181
23.02.17 - 1,Forklift 01,0.053021,0.890521,0.000000,0.056458
23.02.17 - 1,Cart 04,0.000000,0.006250,0.993646,0.000104
23.02.17 - 1,Cart 12,0.197917,0.801979,0.000000,0.000104
23.02.17 - 1,Forklift 17,0.312222,0.658056,0.029618,0.000104
23.02.17 - 1,Pallet truck 07,0.000000,0.001458,0.998437,0.000104
23.02.17 - 1,Cart 10,0.000000,0.000521,0.999375,0.000104
23.02.17 - 1,Pallet truck 03,0.139306,0.817257,0.000313,0.043125
23.02.17 - 1,Forklift 06,0.001632,0.969236,0.000000,0.029132
23.02.17 - 1,Pallet truck 02,0.317222,0.616493,0.002396,0.063889
23.02.17 - 1,Pallet truck 11,0.074201,0.760903,0.000000,0.164896
23.02.17 - 1,Pallet truck 14,0.121701,0.878194,0.000000,0.000104
23.02.17 - 1,Cart 13,0.000000,0.000243,0.952743,0.047014
23.02.17 - 1,Pallet truck 08,0.022986,0.976910,0.000000,0.000104
23.02.17 - 2,Cart 16,0.102257,0.897639,0.000000,0.000104
23.02.17 - 2,Cart 05,0.000972,0.003229,0.995694,0.000104
23.02.17 - 2,Cart 09,0.175764,0.649410,0.000000,0.174826
23.02.17 - 2,Cart 15,0.014340,0.457188,0.441285,0.087188
23.02.17 - 2,Forklift 01,0.110347,0.889549,0.000000,0.000104
23.02.17 - 2,Cart 04,0.053229,0.431840,0.157188,0.357743
23.02.17 - 2,Cart 12,0.238299,0.761597,0.000000,0.000104
23.02.17 - 2,Forklift 17,0.065868,0.907396,0.026597,0.000139
23.02.17 - 2,Pallet truck 07,0.057986,0.418924,0.236840,0.286250
23.02.17 - 2,Cart 10,0.000000,0.000000,0.999896,0.000104
23.02.17 - 2,Pallet truck 03,0.049792,0.950104,0.000000,0.000104
23.02.17 - 2,Forklift 06,0.000174,0.835278,0.000000,0.164549
23.02.17 - 2,Pallet truck 02,0.179688,0.820035,0.000174,0.000104
23.02.17 - 2,Pallet truck 11,0.074063,0.835590,0.000000,0.090347
23.02.17 - 2,Pallet truck 14,0.121181,0.878715,0.000000,0.000104
23.02.17 - 2,Cart 13,0.002188,0.198021,0.693090,0.106701
23.02.17 - 2,Pallet truck 08,0.005799,0.994097,0.000000,0.000104
23.02.17 - 3,Cart 16,0.096944,0.902951,0.000000,0.000104
23.02.17 - 3,Cart 05,0.000000,0.000694,0.340451,0.658854
23.02.17 - 3,Cart 09,0.110243,0.889653,0.000000,0.000104
23.02.17 - 3,Cart 15,0.032535,0.967361,0.000000,0.000104
23.02.17 - 3,Forklift 01,0.009375,0.990521,0.000000,0.000104
23.02.17 - 3,Cart 04,0.050382,0.949479,0.000000,0.000139
23.02.17 - 3,Cart 12,0.258993,0.740903,0.000000,0.000104
23.02.17 - 3,Forklift 17,0.058646,0.401840,0.003611,0.535903
23.02.17 - 3,Pallet truck 07,0.191493,0.808403,0.000000,0.000104
23.02.17 - 3,Cart 10,0.000000,0.000000,0.209063,0.790937
23.02.17 - 3,Pallet truck 03,0.054375,0.945521,0.000000,0.000104
23.02.17 - 3,Forklift 06,0.000000,0.999896,0.000000,0.000104
23.02.17 - 3,Pallet truck 02,0.195972,0.803160,0.000764,0.000104
23.02.17 - 3,Pallet truck 11,0.053264,0.946632,0.000000,0.000104
23.02.17 - 3,Pallet truck 14,0.083924,0.915972,0.000000,0.000104
23.02.17 - 3,Cart 13,0.010833,0.989062,0.000000,0.000104
23.02.17 - 3,Pallet truck 08,0.000000,0.999896,0.000000,0.000104
23.02.18 - 1,Cart 16,0.132674,0.867222,0.000000,0.000104
23.02.18 - 1,Cart 05,0.015382,0.713194,0.000000,0.271424
23.02.18 - 1,Cart 09,0.043993,0.955903,0.000000,0.000104
23.02.18 - 1,Cart 15,0.096944,0.902951,0.000000,0.000104
23.02.18 - 1,Forklift 01,0.007812,0.913854,0.000000,0.078333
23.02.18 - 1,Cart 04,0.134410,0.781458,0.000000,0.084132
23.02.18 - 1,Cart 12,0.287535,0.712361,0.000000,0.000104
23.02.18 - 1,Forklift 17,0.123819,0.579965,0.000000,0.296215
23.02.18 - 1,Pallet truck 07,0.153160,0.723056,0.000000,0.123785
23.02.18 - 1,Cart 10,0.036285,0.754896,0.000000,0.208819
23.02.18 - 1,Pallet truck 03,0.017917,0.981979,0.000000,0.000104
23.02.18 - 1,Forklift 06,0.001250,0.893924,0.000000,0.104826
23.02.18 - 1,Pallet truck 02,0.118160,0.880486,0.001250,0.000104
23.02.18 - 1,Pallet truck 11,0.259792,0.740104,0.000000,0.000104
23.02.18 - 1,Pallet truck 14,0.085903,0.913993,0.000000,0.000104
23.02.18 - 1,Cart 13,0.043472,0.956424,0.000000,0.000104
23.02.18 - 1,Pallet truck 08,0.000799,0.838299,0.000000,0.160903
23.02.18 - 2,Cart 16,0.245000,0.753854,0.000000,0.001146
23.02.18 - 2,Cart 05,0.035625,0.963993,0.000000,0.000382
23.02.18 - 2,Cart 09,0.033368,0.762674,0.000000,0.203958
23.02.18 - 2,Cart 15,0.001736,0.997812,0.000000,0.000451
23.02.18 - 2,Forklift 01,0.053160,0.946424,0.000000,0.000417
23.02.18 - 2,Cart 04,0.191076,0.808403,0.000000,0.000521
23.02.18 - 2,Cart 12,0.223472,0.775868,0.000139,0.000521
23.02.18 - 2,Forklift 17,0.200174,0.795347,0.004375,0.000104
23.02.18 - 2,Pallet truck 07,0.216319,0.783090,0.000000,0.000590
23.02.18 - 2,Cart 10,0.016806,0.982847,0.000000,0.000347
23.02.18 - 2,Pallet truck 03,0.051458,0.948090,0.000000,0.000451
23.02.18 - 2,Forklift 06,0.000764,0.998611,0.000000,0.000625
23.02.18 - 2,Pallet truck 02,0.146701,0.851910,0.000208,0.001181
23.02.18 - 2,Pallet truck 11,0.209410,0.790104,0.000000,0.000486
23.02.18 - 2,Pallet truck 14,0.013160,0.799792,0.000000,0.187049
23.02.18 - 2,Cart 13,0.058889,0.940694,0.000000,0.000417
23.02.18 - 2,Pallet truck 08,0.000174,0.999132,0.000000,0.000694
23.02.18 - 3,Cart 16,0.204722,0.795174,0.000000,0.000104
23.02.18 - 3,Cart 05,0.019722,0.854896,0.000000,0.125382
23.02.18 - 3,Cart 09,0.022951,0.976944,0.000000,0.000104
23.02.18 - 3,Cart 15,0.002083,0.997118,0.000000,0.000799
23.02.18 - 3,Forklift 01,0.039931,0.959965,0.000000,0.000104
23.02.18 - 3,Cart 04,0.178681,0.478090,0.000000,0.343229
23.02.18 - 3,Cart 12,0.086806,0.913090,0.000000,0.000104
23.02.18 - 3,Forklift 17,0.056215,0.335799,0.002882,0.605104
23.02.18 - 3,Pallet truck 07,0.101111,0.477569,0.000000,0.421319
23.02.18 - 3,Cart 10,0.002188,0.997708,0.000000,0.000104
23.02.18 - 3,Pallet truck 03,0.037257,0.810382,0.000000,0.152361
23.02.18 - 3,Forklift 06,0.000000,0.999896,0.000000,0.000104
23.02.18 - 3,Pallet truck 02,0.158542,0.840417,0.000937,0.000104
23.02.18 - 3,Pallet truck 11,0.222292,0.777604,0.000000,0.000104
23.02.18 - 3,Pallet truck 14,0.065625,0.759097,0.000000,0.175278
23.02.18 - 3,Cart 13,0.050903,0.948993,0.000000,0.000104
23.02.18 - 3,Pallet truck 08,0.008646,0.991250,0.000000,0.000104
23.02.19 - 1,Cart 16,0.031076,0.364444,0.000000,0.604479
23.02.19 - 1,Cart 05,0.025313,0.381181,0.000000,0.593507
23.02.19 - 1,Cart 09,0.004167,0.354028,0.000000,0.641806
23.02.19 - 1,Cart 15,0.013160,0.445417,0.000000,0.541424
23.02.19 - 1,Forklift 01,0.012118,0.397222,0.000000,0.590660
23.02.19 - 1,Cart 04,0.104757,0.263993,0.000000,0.631250
23.02.19 - 1,Cart 12,0.059514,0.292118,0.000000,0.648368
23.02.19 - 1,Forklift 17,0.072118,0.207292,0.158090,0.562500
23.02.19 - 1,Pallet truck 07,0.087118,0.197257,0.000000,0.715625
23.02.19 - 1,Cart 10,0.005660,0.354931,0.000000,0.639410
23.02.19 - 1,Pallet truck 03,0.037118,0.387917,0.000000,0.574965
23.02.19 - 1,Forklift 06,0.007986,0.358576,0.000000,0.633437
23.02.19 - 1,Pallet truck 02,0.049583,0.352604,0.000000,0.597812
23.02.19 - 1,Pallet truck 11,0.076667,0.272049,0.000000,0.651285
23.02.19 - 1,Pallet truck 14,0.049028,0.340729,0.000000,0.610243
23.02.19 - 1,Cart 13,0.078646,0.275104,0.000000,0.646250
23.02.19 - 1,Pallet truck 08,0.008403,0.334757,0.000000,0.656840
23.02.19 - 2,Cart 16,0.034826,0.553021,0.020000,0.392153
23.02.19 - 2,Cart 05,0.001563,0.462222,0.002465,0.533750
23.02.19 - 2,Cart 09,0.176806,0.496493,0.000000,0.326701
23.02.19 - 2,Cart 15,0.007639,0.596458,0.014722,0.381181
23.02.19 - 2,Forklift 01,0.006979,0.434688,0.000000,0.558333
23.02.19 - 2,Cart 04,0.005972,0.654722,0.000000,0.339306
23.02.19 - 2,Cart 12,0.140521,0.562778,0.000000,0.296701
23.02.19 - 2,Forklift 17,0.131736,0.542188,0.325208,0.000868
23.02.19 - 2,Pallet truck 07,0.112049,0.528681,0.000000,0.359271
23.02.19 - 2,Cart 10,0.009757,0.664097,0.000000,0.326146
23.02.19 - 2,Pallet truck 03,0.050035,0.404271,0.000000,0.545694
23.02.19 - 2,Forklift 06,0.000000,0.634375,0.011493,0.354132
23.02.19 - 2,Pallet truck 02,0.035208,0.437986,0.000000,0.526806
23.02.19 - 2,Pallet truck 11,0.047847,0.646597,0.000000,0.305556
23.02.19 - 2,Pallet truck 14,0.140208,0.463264,0.000000,0.396528
23.02.19 - 2,Cart 13,0.059931,0.640868,0.000000,0.299201
23.02.19 - 2,Pallet truck 08,0.005833,0.644375,0.000000,0.349792
23.02.19 - 3,Cart 16,0.045486,0.954410,0.000000,0.000104
23.02.19 - 3,Cart 05,0.041285,0.958611,0.000000,0.000104
23.02.19 - 3,Cart 09,0.055833,0.944063,0.000000,0.000104
23.02.19 - 3,Cart 15,0.003611,0.996285,0.000000,0.000104
23.02.19 - 3,Forklift 01,0.051701,0.948194,0.000000,0.000104
23.02.19 - 3,Cart 04,0.086875,0.913021,0.000000,0.000104
23.02.19 - 3,Cart 12,0.189965,0.809931,0.000000,0.000104
23.02.19 - 3,Forklift 17,0.383750,0.616146,0.000000,0.000104
23.02.19 - 3,Pallet truck 07,0.139722,0.860174,0.000000,0.000104
23.02.19 - 3,Cart 10,0.081458,0.918438,0.000000,0.000104
23.02.19 - 3,Pallet truck 03,0.065243,0.934653,0.000000,0.000104
23.02.19 - 3,Forklift 06,0.000000,0.999896,0.000000,0.000104
23.02.19 - 3,Pallet truck 02,0.150729,0.849167,0.000000,0.000104
23.02.19 - 3,Pallet truck 11,0.017083,0.982812,0.000000,0.000104
23.02.19 - 3,Pallet truck 14,0.239549,0.760347,0.000000,0.000104
23.02.19 - 3,Cart 13,0.035104,0.964792,0.000000,0.000104
23.02.19 - 3,Pallet truck 08,0.036111,0.963785,0.000000,0.000104
23.02.20 - 1,Cart 16,0.195625,0.804271,0.000000,0.000104
23.02.20 - 1,Cart 05,0.051111,0.548611,0.236389,0.163889
23.02.20 - 1,Cart 09,0.121354,0.878542,0.000000,0.000104
23.02.20 - 1,Cart 15,0.038958,0.677326,0.000000,0.283715
23.02.20 - 1,Forklift 01,0.063229,0.752743,0.000000,0.184028
23.02.20 - 1,Cart 04,0.178160,0.626389,0.000174,0.195278
23.02.20 - 1,Cart 12,0.068368,0.830104,0.000000,0.101528
23.02.20 - 1,Forklift 17,0.396111,0.603785,0.000000,0.000104
23.02.20 - 1,Pallet truck 07,0.068507,0.931389,0.000000,0.000104
23.02.20 - 1,Cart 10,0.113576,0.715521,0.000000,0.170903
23.02.20 - 1,Pallet truck 03,0.052535,0.764792,0.000000,0.182674
23.02.20 - 1,Forklift 06,0.004757,0.995139,0.000000,0.000104
23.02.20 - 1,Pallet truck 02,0.420000,0.579653,0.000243,0.000104
23.02.20 - 1,Pallet truck 11,0.089514,0.753264,0.000000,0.157222
23.02.20 - 1,Pallet truck 14,0.081181,0.641944,0.000000,0.276875
23.02.20 - 1,Cart 13,0.131875,0.868021,0.000000,0.000104
23.02.20 - 1,Pallet truck 08,0.073021,0.926875,0.000000,0.000104
23.02.20 - 2,Cart 16,0.100139,0.763646,0.000000,0.136215
23.02.20 - 2,Cart 05,0.000000,0.003889,0.996007,0.000104
23.02.20 - 2,Cart 09,0.062222,0.937674,0.000000,0.000104
23.02.20 - 2,Cart 15,0.000000,0.999896,0.000000,0.000104
23.02.20 - 2,Forklift 01,0.100937,0.898958,0.000000,0.000104
23.02.20 - 2,Cart 04,0.382118,0.617292,0.000486,0.000104
23.02.20 - 2,Cart 12,0.081181,0.918715,0.000000,0.000104
23.02.20 - 2,Forklift 17,0.048750,0.951076,0.000069,0.000104
23.02.20 - 2,Pallet truck 07,0.271181,0.728715,0.000000,0.000104
23.02.20 - 2,Cart 10,0.131424,0.868472,0.000000,0.000104
23.02.20 - 2,Pallet truck 03,0.095208,0.904687,0.000000,0.000104
23.02.20 - 2,Forklift 06,0.000000,0.999896,0.000000,0.000104
23.02.20 - 2,Pallet truck 02,0.342292,0.657396,0.000208,0.000104
23.02.20 - 2,Pallet truck 11,0.040521,0.959375,0.000000,0.000104
23.02.20 - 2,Pallet truck 14,0.074340,0.925556,0.000000,0.000104
23.02.20 - 2,Cart 13,0.070382,0.929514,0.000000,0.000104
23.02.20 - 2,Pallet truck 08,0.020521,0.979375,0.000000,0.000104
23.02.20 - 3,Cart 16,0.161250,0.757882,0.000000,0.080868
23.02.20 - 3,Cart 05,0.000000,0.000382,0.684132,0.315486
23.02.20 - 3,Cart 09,0.001076,0.998819,0.000000,0.000104
23.02.20 - 3,Cart 15,0.033819,0.966076,0.000000,0.000104
23.02.20 - 3,Forklift 01,0.050139,0.949757,0.000000,0.000104
23.02.20 - 3,Cart 04,0.308472,0.691424,0.000000,0.000104
23.02.20 - 3,Cart 12,0.149410,0.473299,0.000000,0.377292
23.02.20 - 3,Forklift 17,0.066493,0.933403,0.000000,0.000104
23.02.20 - 3,Pallet truck 07,0.123194,0.876701,0.000000,0.000104
23.02.20 - 3,Cart 10,0.066806,0.933090,0.000000,0.000104
23.02.20 - 3,Pallet truck 03,0.034722,0.726597,0.000000,0.238681
23.02.20 - 3,Forklift 06,0.001979,0.997917,0.000000,0.000104
23.02.20 - 3,Pallet truck 02,0.312986,0.516181,0.170729,0.000104
23.02.20 - 3,Pallet truck 11,0.234410,0.765486,0.000000,0.000104
23.02.20 - 3,Pallet truck 14,0.113125,0.886771,0.000000,0.000104
23.02.20 - 3,Cart 13,0.066562,0.933333,0.000000,0.000104
23.02.20 - 3,Pallet truck 08,0.040278,0.959618,0.000000,0.000104
23.02.21 - 1,Cart 16,0.097604,0.850208,0.000000,0.052187
23.02.21 - 1,Cart 05,0.000556,0.000833,0.000000,0.998611
23.02.21 - 1,Cart 09,0.037118,0.739236,0.000000,0.223646
23.02.21 - 1,Cart 15,0.170903,0.828993,0.000000,0.000104
23.02.21 - 1,Forklift 01,0.166528,0.833368,0.000000,0.000104
23.02.21 - 1,Cart 04,0.187118,0.812778,0.000000,0.000104
23.02.21 - 1,Cart 12,0.168403,0.555417,0.000000,0.276181
23.02.21 - 1,Forklift 17,0.247014,0.752604,0.000278,0.000104
23.02.21 - 1,Pallet truck 07,0.137083,0.862812,0.000000,0.000104
23.02.21 - 1,Cart 10,0.062708,0.937187,0.000000,0.000104
23.02.21 - 1,Pallet truck 03,0.059306,0.673403,0.000000,0.267292
23.02.21 - 1,Forklift 06,0.000000,0.999896,0.000000,0.000104
23.02.21 - 1,Pallet truck 02,0.167743,0.831667,0.000486,0.000104
23.02.21 - 1,Pallet truck 11,0.185347,0.814549,0.000000,0.000104
23.02.21 - 1,Pallet truck 14,0.002049,0.008125,0.989722,0.000104
23.02.21 - 1,Cart 13,0.142396,0.857500,0.000000,0.000104
23.02.21 - 1,Pallet truck 08,0.006354,0.402431,0.000000,0.591215
23.02.21 - 2,Cart 16,0.048090,0.479167,0.000000,0.472743
23.02.21 - 2,Cart 05,0.002083,0.005694,0.962292,0.029931
23.02.21 - 2,Cart 09,0.171979,0.827917,0.000000,0.000104
23.02.21 - 2,Cart 15,0.018194,0.563194,0.000000,0.418611
23.02.21 - 2,Forklift 01,0.060521,0.634167,0.000000,0.305312
23.02.21 - 2,Cart 04,0.153368,0.846528,0.000000,0.000104
23.02.21 - 2,Cart 12,0.032396,0.380382,0.000000,0.587222
23.02.21 - 2,Forklift 17,0.186910,0.693194,0.002431,0.117465
23.02.21 - 2,Pallet truck 07,0.242847,0.757049,0.000000,0.000104
23.02.21 - 2,Cart 10,0.098403,0.901493,0.000000,0.000104
23.02.21 - 2,Pallet truck 03,0.041701,0.783299,0.000000,0.175000
23.02.21 - 2,Forklift 06,0.000000,0.677535,0.000000,0.322465
23.02.21 - 2,Pallet truck 02,0.048368,0.151701,0.196389,0.603542
23.02.21 - 2,Pallet truck 11,0.053437,0.537049,0.000000,0.409514
23.02.21 - 2,Pallet truck 14,0.000000,0.205035,0.794861,0.000104
23.02.21 - 2,Cart 13,0.044896,0.955000,0.000000,0.000104
23.02.21 - 2,Pallet truck 08,0.000000,0.633889,0.000000,0.366111
23.02.21 - 3,Cart 16,0.044306,0.844306,0.000000,0.111389
23.02.21 - 3,Cart 05,0.000000,0.008229,0.991667,0.000104
23.02.21 - 3,Cart 09,0.009340,0.110486,0.000000,0.880174
23.02.21 - 3,Cart 15,0.010799,0.989097,0.000000,0.000104
23.02.21 - 3,Forklift 01,0.024826,0.975069,0.000000,0.000104
23.02.21 - 3,Cart 04,0.367847,0.631424,0.000625,0.000104
23.02.21 - 3,Cart 12,0.076076,0.418368,0.000000,0.505556
23.02.21 - 3,Forklift 17,0.060382,0.939097,0.000417,0.000104
23.02.21 - 3,Pallet truck 07,0.103299,0.392431,0.000000,0.504271
23.02.21 - 3,Cart 10,0.036111,0.721354,0.000000,0.242535
23.02.21 - 3,Pallet truck 03,0.077049,0.922847,0.000000,0.000104
23.02.21 - 3,Forklift 06,0.000937,0.887708,0.000000,0.111354
23.02.21 - 3,Pallet truck 02,0.421736,0.424826,0.153333,0.000104
23.02.21 - 3,Pallet truck 11,0.106285,0.768333,0.000139,0.125243
23.02.21 - 3,Pallet truck 14,0.000000,0.082674,0.917222,0.000104
23.02.21 - 3,Cart 13,0.211910,0.787986,0.000000,0.000104
23.02.21 - 3,Pallet truck 08,0.037639,0.846875,0.000000,0.115486
23.02.22 - 1,Cart 16,0.090486,0.909410,0.000000,0.000104
23.02.22 - 1,Cart 05,0.000000,0.000590,0.117361,0.882049
23.02.22 - 1,Cart 09,0.080069,0.419896,0.000000,0.500035
23.02.22 - 1,Cart 15,0.096632,0.903264,0.000000,0.000104
23.02.22 - 1,Forklift 01,0.075938,0.923958,0.000000,0.000104
23.02.22 - 1,Cart 04,0.075486,0.617361,0.000000,0.307153
23.02.22 - 1,Cart 12,0.034861,0.453785,0.000000,0.511354
23.02.22 - 1,Forklift 17,0.200417,0.799479,0.000000,0.000104
23.02.22 - 1,Pallet truck 07,0.010694,0.096042,0.000069,0.893194
23.02.22 - 1,Cart 10,0.060729,0.430174,0.000000,0.509097
23.02.22 - 1,Pallet truck 03,0.055278,0.555868,0.000000,0.388854
23.02.22 - 1,Forklift 06,0.048924,0.950972,0.000000,0.000104
23.02.22 - 1,Pallet truck 02,0.312604,0.644167,0.043125,0.000104
23.02.22 - 1,Pallet truck 11,0.140347,0.859549,0.000000,0.000104
23.02.22 - 1,Pallet truck 14,0.000000,0.000000,0.964722,0.035278
23.02.22 - 1,Cart 13,0.137500,0.862396,0.000000,0.000104
23.02.22 - 1,Pallet truck 08,0.051667,0.948229,0.000000,0.000104
23.02.22 - 2,Cart 16,0.186944,0.347049,0.000000,0.466007
23.02.22 - 2,Cart 09,0.154618,0.845278,0.000000,0.000104
23.02.22 - 2,Cart 15,0.004132,0.635243,0.000000,0.360625
23.02.22 - 2,Forklift 01,0.087222,0.912674,0.000000,0.000104
23.02.22 - 2,Cart 04,0.137049,0.399167,0.000174,0.463611
23.02.22 - 2,Cart 12,0.016146,0.983750,0.000000,0.000104
23.02.22 - 2,Forklift 17,0.019479,0.533646,0.000000,0.446875
23.02.22 - 2,Pallet truck 07,0.000903,0.520312,0.000000,0.478785
23.02.22 - 2,Cart 10,0.222431,0.777465,0.000000,0.000104
23.02.22 - 2,Pallet truck 03,0.021840,0.518229,0.000000,0.459931
23.02.22 - 2,Forklift 06,0.101458,0.817743,0.000000,0.080799
23.02.22 - 2,Pallet truck 02,0.215069,0.741215,0.043611,0.000104
23.02.22 - 2,Pallet truck 11,0.001285,0.998611,0.000000,0.000104
23.02.22 - 2,Pallet truck 14,0.000000,0.000208,0.476354,0.523438
23.02.22 - 2,Cart 13,0.032326,0.967569,0.000000,0.000104
23.02.22 - 2,Pallet truck 08,0.016875,0.936840,0.000000,0.046285
23.02.22 - 3,Cart 16,0.312500,0.512257,0.000000,0.175243
23.02.22 - 3,Cart 09,0.028993,0.282222,0.000000,0.688785
23.02.22 - 3,Cart 15,0.006493,0.993403,0.000000,0.000104
23.02.22 - 3,Forklift 01,0.039792,0.611910,0.000000,0.348299
23.02.22 - 3,Cart 04,0.185417,0.814479,0.000000,0.000104
23.02.22 - 3,Cart 12,0.011632,0.988264,0.000000,0.000104
23.02.22 - 3,Forklift 17,0.118125,0.881771,0.000000,0.000104
23.02.22 - 3,Pallet truck 07,0.003333,0.996563,0.000000,0.000104
23.02.22 - 3,Cart 10,0.069410,0.294340,0.000000,0.636250
23.02.22 - 3,Pallet truck 03,0.062118,0.937778,0.000000,0.000104
23.02.22 - 3,Forklift 06,0.151771,0.848125,0.000000,0.000104
23.02.22 - 3,Pallet truck 02,0.307882,0.645000,0.047014,0.000104
23.02.22 - 3,Pallet truck 11,0.060625,0.939271,0.000000,0.000104
23.02.22 - 3,Pallet truck 14,0.000000,0.016319,0.983576,0.000104
23.02.22 - 3,Cart 13,0.009167,0.176806,0.000000,0.814028
23.02.22 - 3,Pallet truck 08,0.033333,0.966562,0.000000,0.000104
23.02.23 - 1,Cart 05,0.000104,0.006562,0.880625,0.112708
23.02.23 - 1,Cart 09,0.045243,0.853333,0.000000,0.101424
23.02.23 - 1,Cart 15,0.067743,0.932153,0.000000,0.000104
23.02.23 - 1,Forklift 01,0.156944,0.745104,0.000000,0.097951
23.02.23 - 1,Cart 04,0.255000,0.607187,0.000417,0.137396
23.02.23 - 1,Cart 12,0.110208,0.889687,0.000000,0.000104
23.02.23 - 1,Forklift 17,0.231146,0.768576,0.000174,0.000104
23.02.23 - 1,Pallet truck 07,0.115451,0.557049,0.000000,0.327500
23.02.23 - 1,Cart 10,0.091736,0.789028,0.000000,0.119236
23.02.23 - 1,Pallet truck 03,0.084444,0.915451,0.000000,0.000104
23.02.23 - 1,Forklift 06,0.071042,0.928854,0.000000,0.000104
23.02.23 - 1,Pallet truck 02,0.439167,0.560729,0.000000,0.000104
23.02.23 - 1,Pallet truck 11,0.046562,0.953333,0.000000,0.000104
23.02.23 - 1,Pallet truck 14,0.000000,0.005799,0.272951,0.721250
23.02.23 - 1,Cart 13,0.102847,0.775521,0.000000,0.121632
23.02.23 - 1,Pallet truck 08,0.109896,0.890000,0.000000,0.000104
23.02.23 - 2,Cart 05,0.011181,0.005625,0.580174,0.403021
23.02.23 - 2,Cart 09,0.098403,0.835868,0.000000,0.065729
23.02.23 - 2,Cart 15,0.015903,0.983993,0.000000,0.000104
23.02.23 - 2,Forklift 01,0.161806,0.838090,0.000000,0.000104
23.02.23 - 2,Cart 04,0.432951,0.566944,0.000000,0.000104
23.02.23 - 2,Cart 12,0.075625,0.924271,0.000000,0.000104
23.02.23 - 2,Forklift 17,0.036944,0.960208,0.002743,0.000104
23.02.23 - 2,Pallet truck 07,0.252118,0.747778,0.000000,0.000104
23.02.23 - 2,Cart 10,0.020729,0.806806,0.000000,0.172465
23.02.23 - 2,Pallet truck 03,0.109861,0.890035,0.000000,0.000104
23.02.23 - 2,Forklift 06,0.119063,0.880833,0.000000,0.000104
23.02.23 - 2,Pallet truck 02,0.351181,0.557535,0.091181,0.000104
23.02.23 - 2,Pallet truck 11,0.014861,0.573889,0.000000,0.411250
23.02.23 - 2,Cart 13,0.126042,0.873854,0.000000,0.000104
23.02.23 - 2,Pallet truck 08,0.010660,0.989236,0.000000,0.000104
23.02.23 - 3,Cart 09,0.016528,0.868681,0.000000,0.114792
23.02.23 - 3,Cart 15,0.000000,0.926910,0.000000,0.073090
23.02.23 - 3,Forklift 01,0.076285,0.582083,0.000000,0.341632
23.02.23 - 3,Cart 04,0.030243,0.540556,0.000000,0.429201
23.02.23 - 3,Cart 12,0.029549,0.970347,0.000000,0.000104
23.02.23 - 3,Forklift 17,0.083299,0.915521,0.001076,0.000104
23.02.23 - 3,Pallet truck 07,0.082743,0.693194,0.000000,0.224062
23.02.23 - 3,Cart 10,0.062639,0.826007,0.000000,0.111354
23.02.23 - 3,Pallet truck 03,0.124688,0.662431,0.000000,0.212882
23.02.23 - 3,Forklift 06,0.103611,0.896285,0.000000,0.000104
23.02.23 - 3,Pallet truck 02,0.000000,0.001528,0.223681,0.774792
23.02.23 - 3,Pallet truck 11,0.063472,0.822361,0.000000,0.114167
23.02.23 - 3,Cart 13,0.093368,0.906528,0.000000,0.000104
23.02.23 - 3,Pallet truck 08,0.025799,0.974097,0.000000,0.000104
23.02.24 - 1,Cart 09,0.058785,0.941111,0.000000,0.000104
23.02.24 - 1,Cart 15,0.085000,0.666528,0.000000,0.248472
23.02.24 - 1,Forklift 01,0.047222,0.752396,0.000000,0.200382
23.02.24 - 1,Cart 04,0.200764,0.593507,0.001250,0.204479
23.02.24 - 1,Cart 12,0.081111,0.918785,0.000000,0.000104
23.02.24 - 1,Forklift 17,0.294236,0.704028,0.001632,0.000104
23.02.24 - 1,Pallet truck 07,0.174167,0.600625,0.000000,0.225208
23.02.24 - 1,Cart 10,0.154201,0.845694,0.000000,0.000104
23.02.24 - 1,Pallet truck 03,0.093507,0.704167,0.000000,0.202326
23.02.24 - 1,Forklift 06,0.103646,0.713056,0.000000,0.183299
23.02.24 - 1,Pallet truck 02,0.000000,0.003333,0.776493,0.220174
23.02.24 - 1,Pallet truck 11,0.158750,0.841146,0.000000,0.000104
23.02.24 - 1,Cart 13,0.096007,0.903889,0.000000,0.000104
23.02.24 - 1,Pallet truck 08,0.075903,0.923993,0.000000,0.000104
23.02.24 - 2,Cart 09,0.131562,0.868333,0.000000,0.000104
23.02.24 - 2,Cart 15,0.042951,0.703785,0.253160,0.000104
23.02.24 - 2,Forklift 01,0.087743,0.912153,0.000000,0.000104
23.02.24 - 2,Cart 04,0.243854,0.755278,0.000764,0.000104
23.02.24 - 2,Cart 12,0.116632,0.638958,0.000000,0.244410
23.02.24 - 2,Forklift 17,0.093090,0.828646,0.078160,0.000104
23.02.24 - 2,Pallet truck 07,0.000000,0.139306,0.860590,0.000104
23.02.24 - 2,Cart 10,0.005625,0.465104,0.354549,0.174722
23.02.24 - 2,Pallet truck 03,0.006146,0.993750,0.000000,0.000104
23.02.24 - 2,Forklift 06,0.017674,0.243194,0.739028,0.000104
23.02.24 - 2,Pallet truck 02,0.113681,0.264896,0.621319,0.000104
23.02.24 - 2,Pallet truck 11,0.112014,0.485000,0.151389,0.251597
23.02.24 - 2,Cart 13,0.025278,0.188472,0.379236,0.407014
23.02.24 - 2,Pallet truck 08,0.002222,0.608056,0.389618,0.000104
23.02.25 - 1,Cart 09,0.000000,0.001250,0.123646,0.875104
23.02.25 - 1,Cart 15,0.000000,0.002396,0.122500,0.875104
23.02.25 - 1,Cart 04,0.044132,0.080764,0.000000,0.875104
23.02.25 - 1,Cart 12,0.022500,0.090278,0.012118,0.875104
23.02.25 - 1,Cart 10,0.000000,0.000000,0.124896,0.875104
23.02.25 - 1,Forklift 06,0.000000,0.000000,0.124896,0.875104
23.02.25 - 1,Pallet truck 02,0.011632,0.113264,0.000000,0.875104
23.02.25 - 1,Pallet truck 11,0.000000,0.005035,0.119861,0.875104
23.02.25 - 1,Cart 13,0.000000,0.000000,0.124896,0.875104
23.02.26 - 1,Forklift 17,0.000000,0.127396,0.000000,0.872604
23.02.27 - 1,Cart 16,0.116389,0.883507,0.000000,0.000104
23.02.27 - 1,Cart 05,0.014375,0.985521,0.000000,0.000104
23.02.27 - 1,Cart 09,0.122813,0.877083,0.000000,0.000104
23.02.27 - 1,Cart 15,0.104028,0.542986,0.350243,0.002743
23.02.27 - 1,Forklift 01,0.371806,0.628090,0.000000,0.000104
23.02.27 - 1,Cart 04,0.165937,0.833958,0.000000,0.000104
23.02.27 - 1,Cart 12,0.070382,0.929514,0.000000,0.000104
23.02.27 - 1,Forklift 17,0.045729,0.284722,0.662951,0.006597
23.02.27 - 1,Pallet truck 07,0.227986,0.771910,0.000000,0.000104
23.02.27 - 1,Cart 10,0.246458,0.753437,0.000000,0.000104
23.02.27 - 1,Pallet truck 03,0.058021,0.941875,0.000000,0.000104
23.02.27 - 1,Forklift 06,0.150312,0.849583,0.000000,0.000104
23.02.27 - 1,Pallet truck 02,0.210660,0.788438,0.000243,0.000660
23.02.27 - 1,Pallet truck 11,0.071215,0.928681,0.000000,0.000104
23.02.27 - 1,Pallet truck 14,0.108368,0.891528,0.000000,0.000104
23.02.27 - 1,Cart 13,0.140243,0.859653,0.000000,0.000104
23.02.27 - 1,Pallet truck 08,0.217882,0.700486,0.080590,0.001042
23.02.27 - 2,Cart 16,0.025104,0.556319,0.000000,0.418576
23.02.27 - 2,Cart 05,0.015486,0.950729,0.000000,0.033785
23.02.27 - 2,Cart 09,0.062674,0.624340,0.000000,0.312986
23.02.27 - 2,Cart 15,0.028264,0.764444,0.000000,0.207292
23.02.27 - 2,Forklift 01,0.312083,0.520382,0.000000,0.167535
23.02.27 - 2,Cart 04,0.178160,0.820660,0.000000,0.001181
23.02.27 - 2,Cart 12,0.011111,0.765069,0.000000,0.223819
23.02.27 - 2,Forklift 17,0.077882,0.897847,0.000000,0.024271
23.02.27 - 2,Pallet truck 07,0.181111,0.817396,0.000000,0.001493
23.02.27 - 2,Cart 10,0.190972,0.638021,0.000000,0.171007
23.02.27 - 2,Pallet truck 03,0.032847,0.631076,0.001458,0.334618
23.02.27 - 2,Forklift 06,0.151424,0.528299,0.000174,0.320104
23.02.27 - 2,Pallet truck 02,0.058681,0.227083,0.382396,0.331840
23.02.27 - 2,Pallet truck 11,0.003542,0.995382,0.000000,0.001076
23.02.27 - 2,Pallet truck 14,0.058472,0.717361,0.000000,0.224167
23.02.27 - 2,Cart 13,0.042882,0.637083,0.000000,0.320035
23.02.27 - 2,Pallet truck 08,0.102674,0.712569,0.000000,0.184757
23.02.27 - 3,Cart 16,0.030417,0.969479,0.000000,0.000104
23.02.27 - 3,Cart 05,0.007917,0.991979,0.000000,0.000104
23.02.27 - 3,Cart 09,0.062847,0.937049,0.000000,0.000104
23.02.27 - 3,Cart 15,0.040660,0.959236,0.000000,0.000104
23.02.27 - 3,Forklift 01,0.296806,0.703090,0.000000,0.000104
23.02.27 - 3,Cart 04,0.086667,0.783993,0.000000,0.129340
23.02.27 - 3,Cart 12,0.049028,0.950868,0.000000,0.000104
23.02.27 - 3,Forklift 17,0.055000,0.879271,0.000000,0.065729
23.02.27 - 3,Pallet truck 07,0.149479,0.653229,0.000000,0.197292
23.02.27 - 3,Cart 10,0.034792,0.860208,0.000000,0.105000
23.02.27 - 3,Pallet truck 03,0.082187,0.917708,0.000000,0.000104
23.02.27 - 3,Forklift 06,0.269340,0.730556,0.000000,0.000104
23.02.27 - 3,Pallet truck 02,0.000000,0.000382,0.999514,0.000104
23.02.27 - 3,Pallet truck 11,0.060000,0.780799,0.000000,0.159201
23.02.27 - 3,Pallet truck 14,0.128194,0.871701,0.000000,0.000104
23.02.27 - 3,Cart 13,0.052222,0.947674,0.000000,0.000104
23.02.27 - 3,Pallet truck 08,0.159340,0.735278,0.000000,0.105382
23.02.28 - 1,Cart 16,0.199028,0.800868,0.000000,0.000104
23.02.28 - 1,Cart 05,0.000000,0.999896,0.000000,0.000104
23.02.28 - 1,Cart 09,0.058611,0.850174,0.000000,0.091215
23.02.28 - 1,Cart 15,0.040590,0.959097,0.000000,0.000313
23.02.28 - 1,Forklift 01,0.161285,0.661319,0.000000,0.177396
23.02.28 - 1,Cart 04,0.167917,0.831979,0.000000,0.000104
23.02.28 - 1,Cart 12,0.077153,0.922743,0.000000,0.000104
23.02.28 - 1,Forklift 17,0.244306,0.481146,0.029167,0.245382
23.02.28 - 1,Pallet truck 07,0.155729,0.844167,0.000000,0.000104
23.02.28 - 1,Cart 10,0.305660,0.694236,0.000000,0.000104
23.02.28 - 1,Pallet truck 03,0.136181,0.644514,0.000000,0.219306
23.02.28 - 1,Forklift 06,0.239583,0.715382,0.000000,0.045035
23.02.28 - 1,Pallet truck 02,0.160486,0.558785,0.277222,0.003507
23.02.28 - 1,Pallet truck 11,0.070521,0.929375,0.000000,0.000104
23.02.28 - 1,Pallet truck 14,0.060000,0.770104,0.000000,0.169896
23.02.28 - 1,Cart 13,0.015278,0.984618,0.000000,0.000104
23.02.28 - 1,Pallet truck 08,0.350868,0.649028,0.000000,0.000104
23.02.28 - 2,Cart 16,0.060833,0.935764,0.000000,0.003403
23.02.28 - 2,Cart 05,0.011319,0.285382,0.651910,0.051389
23.02.28 - 2,Cart 09,0.045451,0.809063,0.000000,0.145486
23.02.28 - 2,Cart 15,0.026562,0.834028,0.000000,0.139410
23.02.28 - 2,Forklift 01,0.361250,0.633125,0.000000,0.005625
23.02.28 - 2,Cart 04,0.141250,0.852569,0.000000,0.006181
23.02.28 - 2,Cart 12,0.045903,0.947083,0.000000,0.007014
23.02.28 - 2,Forklift 17,0.080174,0.745694,0.000000,0.174132
23.02.28 - 2,Pallet truck 07,0.031424,0.826458,0.000000,0.142118
23.02.28 - 2,Cart 10,0.048576,0.944132,0.000000,0.007292
23.02.28 - 2,Pallet truck 03,0.052708,0.941111,0.000000,0.006181
23.02.28 - 2,Forklift 06,0.294444,0.560035,0.000000,0.145521
23.02.28 - 2,Pallet truck 02,0.130104,0.865903,0.000660,0.003333
23.02.28 - 2,Pallet truck 11,0.054028,0.831319,0.000000,0.114653
23.02.28 - 2,Pallet truck 14,0.034271,0.958889,0.000000,0.006840
23.02.28 - 2,Cart 13,0.067674,0.923715,0.000000,0.008611
23.02.28 - 2,Pallet truck 08,0.031667,0.871493,0.000000,0.096840
23.02.28 - 3,Cart 16,0.035868,0.964028,0.000000,0.000104
23.02.28 - 3,Cart 05,0.000799,0.426285,0.504062,0.068854
23.02.28 - 3,Cart 09,0.011597,0.988299,0.000000,0.000104
23.02.28 - 3,Cart 15,0.000000,0.999896,0.000000,0.000104
23.02.28 - 3,Forklift 01,0.328437,0.671458,0.000000,0.000104
23.02.28 - 3,Cart 04,0.225590,0.774306,0.000000,0.000104
23.02.28 - 3,Cart 12,0.051632,0.948264,0.000000,0.000104
23.02.28 - 3,Forklift 17,0.081528,0.918368,0.000000,0.000104
23.02.28 - 3,Pallet truck 07,0.157604,0.842292,0.000000,0.000104
23.02.28 - 3,Cart 10,0.057049,0.942847,0.000000,0.000104
23.02.28 - 3,Pallet truck 03,0.027813,0.890694,0.000000,0.081493
23.02.28 - 3,Forklift 06,0.141111,0.858785,0.000000,0.000104
23.02.28 - 3,Pallet truck 02,0.189410,0.810486,0.000000,0.000104
23.02.28 - 3,Pallet truck 11,0.048924,0.950972,0.000000,0.000104
23.02.28 - 3,Pallet truck 14,0.168924,0.830972,0.000000,0.000104
23.02.28 - 3,Cart 13,0.036806,0.872778,0.000000,0.090417
23.02.28 - 3,Pallet truck 08,0.164028,0.835868,0.000000,0.000104
23.03.01 - 1,Cart 16,0.134687,0.865208,0.000000,0.000104
23.03.01 - 1,Cart 05,0.001528,0.994062,0.000000,0.004410
23.03.01 - 1,Cart 09,0.167813,0.684653,0.000000,0.147535
23.03.01 - 1,Cart 15,0.070486,0.928715,0.000000,0.000799
23.03.01 - 1,Forklift 01,0.227708,0.595903,0.000000,0.176389
23.03.01 - 1,Cart 04,0.164410,0.831424,0.000000,0.004167
23.03.01 - 1,Cart 12,0.021424,0.846944,0.000000,0.131632
23.03.01 - 1,Forklift 17,0.380486,0.614444,0.000000,0.005069
23.03.01 - 1,Pallet truck 07,0.228785,0.771111,0.000000,0.000104
23.03.01 - 1,Cart 10,0.113403,0.886111,0.000000,0.000486
23.03.01 - 1,Pallet truck 03,0.049931,0.949965,0.000000,0.000104
23.03.01 - 1,Forklift 06,0.288368,0.572812,0.000000,0.138819
23.03.01 - 1,Pallet truck 02,0.286562,0.707292,0.001181,0.004965
23.03.01 - 1,Pallet truck 11,0.021250,0.978646,0.000000,0.000104
23.03.01 - 1,Pallet truck 14,0.045347,0.948264,0.000000,0.006389
23.03.01 - 1,Cart 13,0.076493,0.923403,0.000000,0.000104
23.03.01 - 1,Pallet truck 08,0.194757,0.801389,0.000000,0.003854
23.03.01 - 2,Cart 16,0.129826,0.870035,0.000000,0.000139
23.03.01 - 2,Cart 05,0.015660,0.984236,0.000000,0.000104
23.03.01 - 2,Cart 09,0.040035,0.959861,0.000000,0.000104
23.03.01 - 2,Cart 15,0.000000,0.999896,0.000000,0.000104
23.03.01 - 2,Forklift 01,0.250312,0.749583,0.000000,0.000104
23.03.01 - 2,Cart 04,0.168576,0.831319,0.000000,0.000104
23.03.01 - 2,Cart 12,0.016215,0.983681,0.000000,0.000104
23.03.01 - 2,Forklift 17,0.155000,0.844896,0.000000,0.000104
23.03.01 - 2,Pallet truck 07,0.124479,0.875417,0.000000,0.000104
23.03.01 - 2,Cart 10,0.068229,0.774167,0.000000,0.157604
23.03.01 - 2,Pallet truck 03,0.056563,0.943333,0.000000,0.000104
23.03.01 - 2,Forklift 06,0.102153,0.897743,0.000000,0.000104
23.03.01 - 2,Pallet truck 02,0.125833,0.874062,0.000000,0.000104
23.03.01 - 2,Pallet truck 11,0.105278,0.894618,0.000000,0.000104
23.03.01 - 2,Pallet truck 14,0.075521,0.924375,0.000000,0.000104
23.03.01 - 2,Cart 13,0.022917,0.976979,0.000000,0.000104
23.03.01 - 2,Pallet truck 08,0.264097,0.735799,0.000000,0.000104
23.03.01 - 3,Cart 16,0.016597,0.972153,0.000000,0.011250
23.03.01 - 3,Cart 05,0.025764,0.974132,0.000000,0.000104
23.03.01 - 3,Cart 09,0.043125,0.956771,0.000000,0.000104
23.03.01 - 3,Cart 15,0.000000,0.999896,0.000000,0.000104
23.03.01 - 3,Forklift 01,0.124896,0.828438,0.000000,0.046667
23.03.01 - 3,Cart 04,0.200556,0.799340,0.000000,0.000104
23.03.01 - 3,Cart 12,0.073924,0.925972,0.000000,0.000104
23.03.01 - 3,Forklift 17,0.156597,0.843299,0.000000,0.000104
23.03.01 - 3,Pallet truck 07,0.103854,0.896042,0.000000,0.000104
23.03.01 - 3,Cart 10,0.084132,0.915764,0.000000,0.000104
23.03.01 - 3,Pallet truck 03,0.085625,0.900937,0.000000,0.013437
23.03.01 - 3,Forklift 06,0.148611,0.817361,0.000000,0.034028
23.03.01 - 3,Pallet truck 02,0.115035,0.884861,0.000000,0.000104
23.03.01 - 3,Pallet truck 11,0.092639,0.907257,0.000000,0.000104
23.03.01 - 3,Pallet truck 14,0.008993,0.867812,0.000000,0.123194
23.03.01 - 3,Cart 13,0.050451,0.825035,0.000000,0.124514
23.03.01 - 3,Pallet truck 08,0.166597,0.833299,0.000000,0.000104
23.03.02 - 1,Cart 16,0.176354,0.783785,0.000000,0.039861
23.03.02 - 1,Cart 05,0.001076,0.164340,0.832153,0.002431
23.03.02 - 1,Cart 09,0.143854,0.419583,0.428021,0.008542
23.03.02 - 1,Cart 15,0.173750,0.826146,0.000000,0.000104
23.03.02 - 1,Forklift 01,0.261840,0.738056,0.000000,0.000104
23.03.02 - 1,Cart 04,0.162882,0.837014,0.000000,0.000104
23.03.02 - 1,Cart 12,0.014757,0.985139,0.000000,0.000104
23.03.02 - 1,Forklift 17,0.355486,0.644410,0.000000,0.000104
23.03.02 - 1,Pallet truck 07,0.147604,0.712604,0.000000,0.139792
23.03.02 - 1,Cart 10,0.119063,0.807049,0.000000,0.073889
23.03.02 - 1,Pallet truck 03,0.017292,0.982604,0.000000,0.000104
23.03.02 - 1,Forklift 06,0.223438,0.776458,0.000000,0.000104
23.03.02 - 1,Pallet truck 02,0.190000,0.809896,0.000000,0.000104
23.03.02 - 1,Pallet truck 11,0.316319,0.683576,0.000000,0.000104
23.03.02 - 1,Pallet truck 14,0.051771,0.948125,0.000000,0.000104
23.03.02 - 1,Cart 13,0.028333,0.971562,0.000000,0.000104
23.03.02 - 1,Pallet truck 08,0.170000,0.681979,0.000000,0.148021
23.03.02 - 2,Cart 16,0.052049,0.894861,0.000000,0.053090
23.03.02 - 2,Cart 05,0.000069,0.009097,0.983715,0.007118
23.03.02 - 2,Cart 09,0.001076,0.014618,0.983368,0.000937
23.03.02 - 2,Cart 15,0.005625,0.994271,0.000000,0.000104
23.03.02 - 2,Forklift 01,0.238333,0.761563,0.000000,0.000104
23.03.02 - 2,Cart 04,0.147326,0.852569,0.000000,0.000104
23.03.02 - 2,Cart 12,0.008229,0.553681,0.437986,0.000104
23.03.02 - 2,Forklift 17,0.189444,0.754375,0.000000,0.056181
23.03.02 - 2,Pallet truck 07,0.138056,0.861840,0.000000,0.000104
23.03.02 - 2,Cart 10,0.094410,0.905451,0.000000,0.000139
23.03.02 - 2,Pallet truck 03,0.013507,0.812674,0.000000,0.173819
23.03.02 - 2,Forklift 06,0.199757,0.725104,0.000000,0.075139
23.03.02 - 2,Pallet truck 02,0.209722,0.790174,0.000000,0.000104
23.03.02 - 2,Pallet truck 11,0.022361,0.857778,0.000000,0.119861
23.03.02 - 2,Pallet truck 14,0.039340,0.924618,0.000000,0.036042
23.03.02 - 2,Cart 13,0.032465,0.797014,0.000000,0.170521
23.03.02 - 2,Pallet truck 08,0.119340,0.880556,0.000000,0.000104
23.03.02 - 3,Cart 16,0.032951,0.955799,0.000000,0.011250
23.03.02 - 3,Cart 05,0.015764,0.863715,0.110243,0.010278
23.03.02 - 3,Cart 09,0.047813,0.824132,0.127639,0.000417
23.03.02 - 3,Cart 15,0.000208,0.856528,0.068194,0.075069
23.03.02 - 3,Forklift 01,0.105938,0.841354,0.000000,0.052708
23.03.02 - 3,Cart 04,0.087292,0.865035,0.000000,0.047674
23.03.02 - 3,Cart 12,0.000347,0.897674,0.101528,0.000451
23.03.02 - 3,Forklift 17,0.145104,0.840451,0.000000,0.014444
23.03.02 - 3,Pallet truck 07,0.024479,0.975417,0.000000,0.000104
23.03.02 - 3,Cart 10,0.173264,0.793333,0.000000,0.033403
23.03.02 - 3,Pallet truck 03,0.090486,0.909410,0.000000,0.000104
23.03.02 - 3,Forklift 06,0.223368,0.776528,0.000000,0.000104
23.03.02 - 3,Pallet truck 02,0.094444,0.905451,0.000000,0.000104
23.03.02 - 3,Pallet truck 11,0.002674,0.997222,0.000000,0.000104
23.03.02 - 3,Pallet truck 14,0.013194,0.986701,0.000000,0.000104
23.03.02 - 3,Cart 13,0.065243,0.934653,0.000000,0.000104
23.03.02 - 3,Pallet truck 08,0.113056,0.886840,0.000000,0.000104
23.03.03 - 1,Cart 16,0.115035,0.860556,0.000000,0.024410
23.03.03 - 1,Cart 05,0.042014,0.471354,0.000000,0.486632
23.03.03 - 1,Cart 09,0.066667,0.498542,0.000000,0.434792
23.03.03 - 1,Cart 15,0.040000,0.638889,0.316215,0.004896
23.03.03 - 1,Forklift 01,0.056389,0.943507,0.000000,0.000104
23.03.03 - 1,Cart 04,0.133576,0.866319,0.000000,0.000104
23.03.03 - 1,Cart 12,0.022882,0.977014,0.000000,0.000104
23.03.03 - 1,Forklift 17,0.423194,0.576701,0.000000,0.000104
23.03.03 - 1,Pallet truck 07,0.104271,0.895625,0.000000,0.000104
23.03.03 - 1,Cart 10,0.119063,0.481979,0.398438,0.000521
23.03.03 - 1,Pallet truck 03,0.000000,0.948160,0.000000,0.051840
23.03.03 - 1,Forklift 06,0.250799,0.687847,0.000000,0.061354
23.03.03 - 1,Pallet truck 02,0.190903,0.808681,0.000104,0.000313
23.03.03 - 1,Pallet truck 11,0.003924,0.995590,0.000000,0.000486
23.03.03 - 1,Pallet truck 14,0.117257,0.808715,0.011910,0.062118
23.03.03 - 1,Cart 13,0.077014,0.922882,0.000000,0.000104
23.03.03 - 1,Pallet truck 08,0.173681,0.762674,0.000000,0.063646
23.03.03 - 2,Cart 16,0.056042,0.771667,0.172187,0.000104
23.03.03 - 2,Cart 15,0.000000,0.999896,0.000000,0.000104
23.03.03 - 2,Forklift 01,0.164896,0.621979,0.175903,0.037222
23.03.03 - 2,Cart 04,0.096875,0.861042,0.000000,0.042083
23.03.03 - 2,Cart 12,0.016424,0.215729,0.001319,0.766528
23.03.03 - 2,Forklift 17,0.099340,0.839757,0.060417,0.000486
23.03.03 - 2,Pallet truck 07,0.023229,0.887014,0.000000,0.089757
23.03.03 - 2,Cart 10,0.127674,0.872222,0.000000,0.000104
23.03.03 - 2,Pallet truck 03,0.000000,0.684375,0.315521,0.000104
23.03.03 - 2,Forklift 06,0.131667,0.618090,0.167118,0.083125
23.03.03 - 2,Pallet truck 02,0.098437,0.863368,0.037882,0.000313
23.03.03 - 2,Pallet truck 11,0.000000,0.977118,0.022778,0.000104
23.03.03 - 2,Pallet truck 14,0.033090,0.966319,0.000000,0.000590
23.03.03 - 2,Cart 13,0.044410,0.943090,0.012396,0.000104
23.03.03 - 2,Pallet truck 08,0.209896,0.790000,0.000000,0.000104
23.03.04 - 1,Cart 16,0.148194,0.851701,0.000000,0.000104
23.03.04 - 1,Forklift 01,0.153785,0.846111,0.000000,0.000104
23.03.04 - 1,Cart 04,0.000000,0.300868,0.000000,0.699132
23.03.04 - 1,Forklift 17,0.158368,0.841528,0.000000,0.000104
23.03.04 - 1,Pallet truck 07,0.002674,0.228576,0.768229,0.000521
23.03.04 - 1,Cart 10,0.002049,0.020694,0.000000,0.977257
23.03.04 - 1,Pallet truck 03,0.000000,0.999896,0.000000,0.000104
23.03.04 - 1,Pallet truck 02,0.012708,0.856944,0.000000,0.130347
23.03.04 - 1,Pallet truck 11,0.056181,0.169167,0.482083,0.292569
23.03.04 - 1,Pallet truck 14,0.040139,0.465035,0.000000,0.494826
23.03.04 - 1,Cart 13,0.000208,0.219375,0.779861,0.000556
23.03.04 - 1,Pallet truck 08,0.022396,0.205972,0.706250,0.065382
23.03.07 - 1,Cart 16,0.093889,0.905556,0.000000,0.000556
23.03.07 - 1,Cart 05,0.027222,0.696875,0.275417,0.000486
23.03.07 - 1,Cart 09,0.164132,0.645729,0.120069,0.070069
23.03.07 - 1,Cart 15,0.069861,0.930035,0.000000,0.000104
23.03.07 - 1,Forklift 01,0.124306,0.611354,0.263958,0.000382
23.03.07 - 1,Cart 04,0.150903,0.551424,0.114062,0.183611
23.03.07 - 1,Cart 12,0.114826,0.885069,0.000000,0.000104
23.03.07 - 1,Forklift 17,0.401458,0.598125,0.000000,0.000417
23.03.07 - 1,Pallet truck 07,0.185417,0.814479,0.000000,0.000104
23.03.07 - 1,Cart 10,0.173125,0.662361,0.000000,0.164514
23.03.07 - 1,Pallet truck 03,0.055903,0.671076,0.272326,0.000694
23.03.07 - 1,Forklift 06,0.091806,0.908090,0.000000,0.000104
23.03.07 - 1,Pallet truck 02,0.095451,0.647049,0.256736,0.000764
23.03.07 - 1,Pallet truck 11,0.048438,0.951458,0.000000,0.000104
23.03.07 - 1,Pallet truck 14,0.061389,0.872049,0.000000,0.066562
23.03.07 - 1,Cart 13,0.060486,0.330903,0.000000,0.608611
23.03.07 - 1,Pallet truck 08,0.201354,0.518924,0.278924,0.000799
23.03.07 - 2,Cart 16,0.043854,0.955521,0.000000,0.000625
23.03.07 - 2,Cart 05,0.019549,0.923924,0.000000,0.056528
23.03.07 - 2,Cart 09,0.120903,0.878993,0.000000,0.000104
23.03.07 - 2,Cart 15,0.002188,0.950486,0.000000,0.047326
23.03.07 - 2,Forklift 01,0.201389,0.798090,0.000000,0.000521
23.03.07 - 2,Cart 04,0.100278,0.738993,0.159861,0.000868
23.03.07 - 2,Cart 12,0.054861,0.782188,0.134583,0.028368
23.03.07 - 2,Forklift 17,0.055104,0.944340,0.000000,0.000556
23.03.07 - 2,Pallet truck 07,0.094792,0.773924,0.000000,0.131285
23.03.07 - 2,Cart 10,0.025451,0.974444,0.000000,0.000104
23.03.07 - 2,Pallet truck 03,0.042361,0.957187,0.000000,0.000451
23.03.07 - 2,Forklift 06,0.113056,0.839271,0.000000,0.047674
23.03.07 - 2,Pallet truck 02,0.061111,0.938785,0.000000,0.000104
23.03.07 - 2,Pallet truck 11,0.034792,0.964826,0.000000,0.000382
23.03.07 - 2,Pallet truck 14,0.001076,0.996840,0.001979,0.000104
23.03.07 - 2,Cart 13,0.142500,0.857153,0.000000,0.000347
23.03.07 - 2,Pallet truck 08,0.087569,0.912326,0.000000,0.000104
23.03.07 - 3,Cart 16,0.028125,0.971771,0.000000,0.000104
23.03.07 - 3,Cart 05,0.021424,0.978472,0.000000,0.000104
23.03.07 - 3,Cart 09,0.257708,0.742188,0.000000,0.000104
23.03.07 - 3,Cart 15,0.000000,0.999896,0.000000,0.000104
23.03.07 - 3,Forklift 01,0.140660,0.859236,0.000000,0.000104
23.03.07 - 3,Cart 04,0.173229,0.826667,0.000000,0.000104
23.03.07 - 3,Cart 12,0.104826,0.895069,0.000000,0.000104
23.03.07 - 3,Forklift 17,0.151389,0.622604,0.000000,0.226007
23.03.07 - 3,Pallet truck 07,0.260625,0.739271,0.000000,0.000104
23.03.07 - 3,Cart 10,0.067674,0.857431,0.000000,0.074896
23.03.07 - 3,Pallet truck 03,0.056771,0.943125,0.000000,0.000104
23.03.07 - 3,Forklift 06,0.009201,0.990694,0.000000,0.000104
23.03.07 - 3,Pallet truck 02,0.163472,0.836424,0.000000,0.000104
23.03.07 - 3,Pallet truck 11,0.039931,0.959965,0.000000,0.000104
23.03.07 - 3,Pallet truck 14,0.010799,0.989097,0.000000,0.000104
23.03.07 - 3,Cart 13,0.059375,0.940521,0.000000,0.000104
23.03.07 - 3,Pallet truck 08,0.061111,0.938785,0.000000,0.000104