Date,Shift,Name,Far,Local,Stay,Bad,Absent
2023-02-13,1,Forklift 01,0.039479,0.001875,0.958542,0.000000,0.000104
2023-02-13,1,Pallet truck 02,0.115312,0.043333,0.834028,0.004931,0.002396
2023-02-13,1,Pallet truck 03,0.000000,0.000000,0.999896,0.000000,0.000104
2023-02-13,1,Cart 04,0.070799,0.099410,0.826354,0.003333,0.000104
2023-02-13,1,Cart 05,0.011250,0.031667,0.939861,0.017118,0.000104
2023-02-13,1,Forklift 06,0.000000,0.000208,0.999687,0.000000,0.000104
2023-02-13,1,Pallet truck 07,0.000000,0.002188,0.997708,0.000000,0.000104
2023-02-13,1,Pallet truck 08,0.031944,0.007222,0.956771,0.000000,0.004063
2023-02-13,1,Cart 09,0.024132,0.001563,0.973889,0.000000,0.000417
2023-02-13,1,Cart 10,0.029340,0.005799,0.964757,0.000000,0.000104
2023-02-13,1,Pallet truck 11,0.000000,0.002014,0.997882,0.000000,0.000104
2023-02-13,1,Cart 12,0.000000,0.003056,0.988681,0.000000,0.008264
2023-02-13,1,Cart 13,0.000000,0.000243,0.998993,0.000000,0.000764
2023-02-13,1,Pallet truck 14,0.005417,0.005417,0.927951,0.000000,0.061215
2023-02-13,1,Cart 16,0.005347,0.011042,0.983507,0.000000,0.000104
2023-02-13,1,Forklift 17,0.029861,0.006354,0.963681,0.000000,0.000104
2023-02-13,2,Forklift 01,0.025521,0.001181,0.431701,0.000000,0.541597
2023-02-13,2,Pallet truck 02,0.012951,0.030347,0.953056,0.003542,0.000104
2023-02-13,2,Pallet truck 03,0.000000,0.000000,0.999653,0.000243,0.000104
2023-02-13,2,Cart 04,0.041701,0.015278,0.941076,0.001840,0.000104
2023-02-13,2,Cart 05,0.033160,0.004028,0.960069,0.002639,0.000104
2023-02-13,2,Forklift 06,0.000000,0.000000,0.984722,0.000000,0.015278
2023-02-13,2,Pallet truck 07,0.000000,0.002188,0.997708,0.000000,0.000104
2023-02-13,2,Pallet truck 08,0.019931,0.012847,0.967118,0.000000,0.000104
2023-02-13,2,Cart 09,0.000000,0.003542,0.727500,0.000000,0.268958
2023-02-13,2,Cart 10,0.000000,0.000000,0.727292,0.000000,0.272708
2023-02-13,2,Pallet truck 11,0.000000,0.000000,0.989583,0.000000,0.010417
2023-02-13,2,Cart 12,0.000000,0.000000,0.999896,0.000000,0.000104
2023-02-13,2,Cart 13,0.000000,0.000000,0.999896,0.000000,0.000104
2023-02-13,2,Pallet truck 14,0.000000,0.000000,0.999896,0.000000,0.000104
2023-02-13,2,Cart 16,0.000000,0.000000,0.551458,0.000000,0.448542
2023-02-13,2,Forklift 17,0.035208,0.010347,0.811007,0.000451,0.142986
2023-02-13,3,Forklift 01,0.000000,0.000000,0.654479,0.000000,0.345521
2023-02-13,3,Pallet truck 02,0.015451,0.061354,0.921424,0.001667,0.000104
2023-02-13,3,Pallet truck 03,0.000000,0.000208,0.999687,0.000000,0.000104
2023-02-13,3,Cart 04,0.029757,0.174583,0.794271,0.001285,0.000104
2023-02-13,3,Cart 05,0.000000,0.006597,0.991146,0.002153,0.000104
2023-02-13,3,Pallet truck 07,0.000000,0.000000,0.106111,0.000000,0.893889
2023-02-13,3,Pallet truck 08,0.000000,0.008750,0.021250,0.000000,0.970000
2023-02-13,3,Cart 12,0.000000,0.000000,0.999896,0.000000,0.000104
2023-02-13,3,Cart 13,0.000000,0.000000,0.999896,0.000000,0.000104
2023-02-13,3,Pallet truck 14,0.000000,0.002500,0.997396,0.000000,0.000104
2023-02-14,1,Forklift 01,0.022812,0.008854,0.319306,0.000000,0.649028
2023-02-14,1,Pallet truck 02,0.161528,0.062708,0.744375,0.014063,0.017326
2023-02-14,1,Pallet truck 03,0.005174,0.007569,0.739514,0.000000,0.247743
2023-02-14,1,Cart 04,0.129062,0.064028,0.667951,0.002986,0.135972
2023-02-14,1,Cart 05,0.030694,0.020035,0.894687,0.002986,0.051597
2023-02-14,1,Forklift 06,0.015694,0.026319,0.448368,0.000000,0.509618
2023-02-14,1,Pallet truck 07,0.018437,0.001076,0.278368,0.000000,0.702118
2023-02-14,1,Pallet truck 08,0.000000,0.007049,0.322569,0.000000,0.670382
2023-02-14,1,Cart 09,0.003125,0.000000,0.312778,0.000382,0.683715
2023-02-14,1,Cart 10,0.000382,0.002951,0.269722,0.000000,0.726944
2023-02-14,1,Pallet truck 11,0.000000,0.000000,0.311007,0.000000,0.688993
2023-02-14,1,Cart 12,0.005660,0.015625,0.818924,0.000000,0.159792
2023-02-14,1,Cart 13,0.000000,0.010590,0.805764,0.000000,0.183646
2023-02-14,1,Pallet truck 14,0.000000,0.005764,0.704132,0.087500,0.202604
2023-02-14,1,Cart 15,0.002708,0.002847,0.318958,0.000000,0.675486
2023-02-14,1,Cart 16,0.012153,0.007500,0.292153,0.000000,0.688194
2023-02-14,1,Forklift 17,0.056528,0.032326,0.565278,0.002465,0.343403
2023-02-14,2,Forklift 01,0.030174,0.011910,0.957812,0.000000,0.000104
2023-02-14,2,Pallet truck 02,0.018333,0.072465,0.905035,0.004063,0.000104
2023-02-14,2,Pallet truck 03,0.000000,0.000000,0.999896,0.000000,0.000104
2023-02-14,2,Cart 04,0.000000,0.031354,0.080590,0.000000,0.888056
2023-02-14,2,Cart 05,0.000000,0.000000,0.999896,0.000000,0.000104
2023-02-14,2,Forklift 06,0.013611,0.000972,0.985313,0.000000,0.000104
2023-02-14,2,Pallet truck 07,0.000000,0.003889,0.996007,0.000000,0.000104
2023-02-14,2,Pallet truck 08,0.000000,0.000000,0.784028,0.000000,0.215972
2023-02-14,2,Cart 09,0.025590,0.000000,0.974306,0.000000,0.000104
2023-02-14,2,Cart 10,0.000000,0.008958,0.765312,0.000000,0.225729
2023-02-14,2,Pallet truck 11,0.000000,0.005833,0.994062,0.000000,0.000104
2023-02-14,2,Cart 12,0.000000,0.000000,0.999896,0.000000,0.000104
2023-02-14,2,Cart 13,0.000000,0.000000,0.999896,0.000000,0.000104
2023-02-14,2,Cart 15,0.000000,0.000000,0.137118,0.000000,0.862882
2023-02-14,2,Cart 16,0.000000,0.000000,0.999896,0.000000,0.000104
2023-02-14,2,Forklift 17,0.000000,0.017326,0.979618,0.002951,0.000104
2023-02-14,3,Forklift 01,0.000000,0.001250,0.998646,0.000000,0.000104
2023-02-14,3,Pallet truck 02,0.022014,0.010347,0.620590,0.002917,0.344132
2023-02-14,3,Pallet truck 03,0.014653,0.000521,0.984722,0.000000,0.000104
2023-02-14,3,Cart 05,0.000000,0.000278,0.999618,0.000000,0.000104
2023-02-14,3,Forklift 06,0.000000,0.000000,0.468854,0.000000,0.531146
2023-02-14,3,Pallet truck 07,0.000000,0.000000,0.999896,0.000000,0.000104
2023-02-14,3,Cart 09,0.000000,0.000000,0.999896,0.000000,0.000104
2023-02-14,3,Pallet truck 11,0.000000,0.031389,0.927292,0.000000,0.041319
2023-02-14,3,Cart 12,0.000000,0.000000,0.752847,0.000000,0.247153
2023-02-14,3,Cart 13,0.000000,0.000000,0.780521,0.000000,0.219479
2023-02-14,3,Cart 16,0.000000,0.000000,0.999896,0.000000,0.000104
2023-02-14,3,Forklift 17,0.021111,0.022917,0.951597,0.004271,0.000104
2023-02-15,1,Forklift 01,0.025868,0.010139,0.959896,0.000000,0.004097
2023-02-15,1,Pallet truck 03,0.000000,0.024306,0.975590,0.000000,0.000104
2023-02-15,1,Cart 05,0.008403,0.000000,0.991493,0.000000,0.000104
2023-02-15,1,Pallet truck 07,0.000000,0.000000,0.999896,0.000000,0.000104
2023-02-15,1,Cart 09,0.014410,0.015069,0.965625,0.000000,0.004896
2023-02-15,1,Cart 16,0.028368,0.004861,0.966667,0.000000,0.000104
2023-02-15,1,Forklift 17,0.076389,0.042118,0.875903,0.005486,0.000104
2023-02-15,2,Forklift 01,0.000000,0.005243,0.607812,0.000000,0.386944
2023-02-15,2,Pallet truck 02,0.000000,0.104340,0.469306,0.002847,0.423507
2023-02-15,2,Pallet truck 03,0.000000,0.000208,0.999271,0.000000,0.000521
2023-02-15,2,Cart 04,0.038542,0.066562,0.459896,0.000972,0.434028
2023-02-15,2,Cart 05,0.000000,0.000000,0.961042,0.000000,0.038958
2023-02-15,2,Forklift 06,0.000000,0.000000,0.649062,0.000000,0.350938
2023-02-15,2,Pallet truck 07,0.000000,0.000000,0.999549,0.000000,0.000451
2023-02-15,2,Pallet truck 08,0.000000,0.000000,0.664618,0.000000,0.335382
2023-02-15,2,Cart 09,0.052604,0.003715,0.943576,0.000000,0.000104
2023-02-15,2,Cart 10,0.000000,0.000000,0.688056,0.000000,0.311944
2023-02-15,2,Pallet truck 11,0.000000,0.000000,0.048993,0.000313,0.950694
2023-02-15,2,Cart 12,0.000000,0.013715,0.101528,0.000000,0.884757
2023-02-15,2,Cart 13,0.000000,0.001215,0.083437,0.500000,0.415347
2023-02-15,2,Pallet truck 14,0.000000,0.001771,0.584688,0.000000,0.413542
2023-02-15,2,Cart 15,0.000000,0.000000,0.409028,0.000000,0.590972
2023-02-15,2,Cart 16,0.000000,0.006875,0.992708,0.000000,0.000417
2023-02-15,2,Forklift 17,0.001215,0.011042,0.448264,0.002743,0.536736
2023-02-15,3,Forklift 01,0.000000,0.000000,0.570174,0.000000,0.429826
2023-02-15,3,Pallet truck 02,0.056597,0.077882,0.851875,0.013542,0.000104
2023-02-15,3,Pallet truck 03,0.000000,0.000313,0.998958,0.000000,0.000729
2023-02-15,3,Cart 04,0.026840,0.102396,0.869410,0.001250,0.000104
2023-02-15,3,Cart 05,0.000000,0.000000,0.999896,0.000000,0.000104
2023-02-15,3,Forklift 06,0.000000,0.000000,0.999896,0.000000,0.000104
2023-02-15,3,Pallet truck 07,0.031250,0.054549,0.913021,0.001076,0.000104
2023-02-15,3,Pallet truck 08,0.000000,0.002222,0.997674,0.000000,0.000104
2023-02-15,3,Cart 09,0.000000,0.002917,0.938472,0.000000,0.058611
2023-02-15,3,Cart 10,0.020521,0.006840,0.967431,0.000000,0.005208
2023-02-15,3,Pallet truck 11,0.000000,0.003507,0.067014,0.000000,0.929479
2023-02-15,3,Cart 12,0.004028,0.007812,0.231771,0.000000,0.756389
2023-02-15,3,Cart 13,0.000000,0.001076,0.078993,0.000000,0.919931
2023-02-15,3,Pallet truck 14,0.000000,0.007847,0.992049,0.000000,0.000104
2023-02-15,3,Cart 15,0.000000,0.000000,0.999896,0.000000,0.000104
2023-02-15,3,Cart 16,0.000000,0.000000,0.999896,0.000000,0.000104
2023-02-15,3,Forklift 17,0.000000,0.002153,0.027882,0.000972,0.968993
2023-02-16,1,Forklift 01,0.026424,0.009306,0.892604,0.000000,0.071667
2023-02-16,1,Pallet truck 02,0.037812,0.053090,0.902014,0.005000,0.002083
2023-02-16,1,Pallet truck 03,0.000000,0.002326,0.997569,0.000000,0.000104
2023-02-16,1,Cart 04,0.118264,0.061215,0.732847,0.005104,0.082569
2023-02-16,1,Cart 05,0.014306,0.002396,0.983194,0.000000,0.000104
2023-02-16,1,Forklift 06,0.000000,0.000764,0.811840,0.000000,0.187396
2023-02-16,1,Pallet truck 07,0.000000,0.000868,0.999028,0.000000,0.000104
2023-02-16,1,Pallet truck 08,0.013090,0.005625,0.912882,0.000000,0.068403
2023-02-16,1,Cart 09,0.017153,0.007014,0.677465,0.000000,0.298368
2023-02-16,1,Cart 10,0.000000,0.008472,0.987778,0.000000,0.003750
2023-02-16,1,Pallet truck 11,0.016493,0.032083,0.946632,0.000000,0.004792
2023-02-16,1,Cart 12,0.019132,0.010972,0.967118,0.000000,0.002778
2023-02-16,1,Cart 13,0.000000,0.000000,0.999896,0.000000,0.000104
2023-02-16,1,Pallet truck 14,0.000000,0.064375,0.935521,0.000000,0.000104
2023-02-16,1,Cart 15,0.031076,0.018715,0.950104,0.000000,0.000104
2023-02-16,1,Cart 16,0.021701,0.000000,0.978194,0.000000,0.000104
2023-02-16,1,Forklift 17,0.075347,0.026354,0.892257,0.005938,0.000104
2023-02-16,2,Forklift 01,0.011667,0.010625,0.975174,0.000000,0.002535
2023-02-16,2,Pallet truck 02,0.026007,0.049410,0.921319,0.000000,0.003264
2023-02-16,2,Pallet truck 03,0.007153,0.004306,0.984583,0.000000,0.003958
2023-02-16,2,Cart 04,0.019097,0.016875,0.963437,0.000486,0.000104
2023-02-16,2,Cart 05,0.010972,0.008160,0.977535,0.000000,0.003333
2023-02-16,2,Forklift 06,0.001007,0.004097,0.840694,0.000000,0.154201
2023-02-16,2,Pallet truck 07,0.001840,0.014583,0.976562,0.000000,0.007014
2023-02-16,2,Pallet truck 08,0.000000,0.000000,0.780278,0.000000,0.219722
2023-02-16,2,Cart 09,0.050000,0.000000,0.539653,0.062500,0.347847
2023-02-16,2,Cart 10,0.003229,0.007257,0.863403,0.062500,0.063611
2023-02-16,2,Pallet truck 11,0.000000,0.006944,0.834306,0.000000,0.158750
2023-02-16,2,Cart 12,0.000000,0.004757,0.875625,0.000000,0.119618
2023-02-16,2,Cart 13,0.000000,0.014271,0.984896,0.000000,0.000833
2023-02-16,2,Pallet truck 14,0.042222,0.033160,0.833264,0.000000,0.091354
2023-02-16,2,Cart 15,0.031042,0.025937,0.940486,0.000000,0.002535
2023-02-16,2,Cart 16,0.000000,0.000000,0.668021,0.000000,0.331979
2023-02-16,2,Forklift 17,0.005972,0.031424,0.957153,0.002396,0.003056
2023-02-16,3,Forklift 01,0.002812,0.013611,0.639201,0.000000,0.344375
2023-02-16,3,Pallet truck 02,0.019201,0.012743,0.656493,0.001007,0.310556
2023-02-16,3,Pallet truck 03,0.014271,0.005139,0.767847,0.000000,0.212743
2023-02-16,3,Cart 04,0.016319,0.000000,0.195521,0.697986,0.090174
2023-02-16,3,Cart 05,0.002292,0.001076,0.522292,0.000000,0.474340
2023-02-16,3,Forklift 06,0.000000,0.000556,0.999340,0.000000,0.000104
2023-02-16,3,Pallet truck 07,0.000000,0.000000,0.148090,0.718750,0.133160
2023-02-16,3,Pallet truck 08,0.000000,0.031875,0.889340,0.000000,0.078785
2023-02-16,3,Pallet truck 11,0.000000,0.003194,0.996701,0.000000,0.000104
2023-02-16,3,Cart 12,0.000000,0.000000,0.999896,0.000000,0.000104
2023-02-16,3,Cart 13,0.000000,0.000000,0.776667,0.000000,0.223333
2023-02-16,3,Pallet truck 14,0.000000,0.000000,0.999896,0.000000,0.000104
2023-02-16,3,Cart 15,0.000000,0.000000,0.625174,0.000000,0.374826
2023-02-16,3,Cart 16,0.000000,0.000000,0.978924,0.000000,0.021076
2023-02-16,3,Forklift 17,0.024549,0.076736,0.853056,0.038507,0.007153
2023-02-17,1,Forklift 01,0.000000,0.001250,0.942292,0.000000,0.056458
2023-02-17,1,Pallet truck 02,0.090278,0.075174,0.762188,0.001979,0.070382
2023-02-17,1,Pallet truck 03,0.000000,0.015104,0.941458,0.000313,0.043125
2023-02-17,1,Forklift 06,0.000000,0.000000,0.970868,0.000000,0.029132
2023-02-17,1,Pallet truck 08,0.000000,0.003333,0.994549,0.000000,0.002118
2023-02-17,1,Pallet truck 11,0.000000,0.000000,0.835104,0.000000,0.164896
2023-02-17,1,Cart 12,0.020000,0.001076,0.978819,0.000000,0.000104
2023-02-17,1,Pallet truck 14,0.040938,0.013160,0.929583,0.000000,0.016319
2023-02-17,1,Cart 16,0.007396,0.000000,0.992500,0.000000,0.000104
2023-02-17,1,Forklift 17,0.124410,0.051528,0.790521,0.033438,0.000104
2023-02-17,2,Forklift 01,0.035764,0.004479,0.958715,0.000937,0.000104
2023-02-17,2,Pallet truck 02,0.009340,0.015938,0.973715,0.000903,0.000104
2023-02-17,2,Pallet truck 03,0.000000,0.000000,0.999896,0.000000,0.000104
2023-02-17,2,Cart 04,0.000000,0.001007,0.483750,0.166667,0.348576
2023-02-17,2,Forklift 06,0.000000,0.000000,0.835451,0.000000,0.164549
2023-02-17,2,Pallet truck 07,0.000000,0.000000,0.476910,0.239583,0.283507
2023-02-17,2,Pallet truck 08,0.000000,0.000625,0.999271,0.000000,0.000104
2023-02-17,2,Cart 09,0.026632,0.000000,0.798542,0.000000,0.174826
2023-02-17,2,Pallet truck 11,0.000000,0.003299,0.906354,0.000000,0.090347
2023-02-17,2,Cart 12,0.000000,0.002361,0.997535,0.000000,0.000104
2023-02-17,2,Cart 13,0.000000,0.000000,0.200208,0.697917,0.101875
2023-02-17,2,Pallet truck 14,0.016493,0.002257,0.978507,0.000000,0.002743
2023-02-17,2,Cart 15,0.000000,0.000000,0.470868,0.447917,0.081215
2023-02-17,2,Cart 16,0.000000,0.000000,0.999896,0.000000,0.000104
2023-02-17,2,Forklift 17,0.009271,0.012917,0.952500,0.025174,0.000139
2023-02-17,3,Forklift 01,0.000000,0.001424,0.998472,0.000000,0.000104
2023-02-17,3,Pallet truck 02,0.004479,0.030347,0.962222,0.002847,0.000104
2023-02-17,3,Pallet truck 03,0.000000,0.000000,0.999896,0.000000,0.000104
2023-02-17,3,Cart 04,0.000000,0.000000,0.999861,0.000000,0.000139
2023-02-17,3,Forklift 06,0.000000,0.000000,0.999896,0.000000,0.000104
2023-02-17,3,Pallet truck 07,0.000000,0.000174,0.999722,0.000000,0.000104
2023-02-17,3,Pallet truck 08,0.000000,0.000000,0.999896,0.000000,0.000104
2023-02-17,3,Cart 09,0.000000,0.000000,0.999896,0.000000,0.000104
2023-02-17,3,Pallet truck 11,0.000000,0.001354,0.998542,0.000000,0.000104
2023-02-17,3,Cart 12,0.000000,0.000000,0.999896,0.000000,0.000104
2023-02-17,3,Cart 13,0.000000,0.000000,0.999896,0.000000,0.000104
2023-02-17,3,Pallet truck 14,0.000000,0.000000,0.999896,0.000000,0.000104
2023-02-17,3,Cart 15,0.009236,0.003924,0.986736,0.000000,0.000104
2023-02-17,3,Cart 16,0.000000,0.004479,0.995417,0.000000,0.000104
2023-02-17,3,Forklift 17,0.002500,0.003646,0.453090,0.004861,0.535903
2023-02-18,1,Forklift 01,0.000000,0.000556,0.921111,0.000000,0.078333
2023-02-18,1,Pallet truck 02,0.004931,0.013889,0.979757,0.001319,0.000104
2023-02-18,1,Pallet truck 03,0.000000,0.000000,0.999896,0.000000,0.000104
2023-02-18,1,Cart 04,0.000000,0.000174,0.915694,0.000000,0.084132
2023-02-18,1,Cart 05,0.000000,0.000000,0.728576,0.000000,0.271424
2023-02-18,1,Forklift 06,0.000000,0.000556,0.894618,0.000000,0.104826
2023-02-18,1,Pallet truck 07,0.000000,0.000000,0.876215,0.000000,0.123785
2023-02-18,1,Pallet truck 08,0.000000,0.000000,0.839097,0.000000,0.160903
2023-02-18,1,Cart 09,0.000000,0.000000,0.999896,0.000000,0.000104
2023-02-18,1,Cart 10,0.000000,0.000000,0.791181,0.000000,0.208819
2023-02-18,1,Pallet truck 11,0.000000,0.000000,0.999896,0.000000,0.000104
2023-02-18,1,Cart 12,0.000000,0.000000,0.999896,0.000000,0.000104
2023-02-18,1,Cart 13,0.000000,0.017153,0.982743,0.000000,0.000104
2023-02-18,1,Pallet truck 14,0.000000,0.000000,0.999896,0.000000,0.000104
2023-02-18,1,Cart 15,0.021979,0.008889,0.969028,0.000000,0.000104
2023-02-18,1,Cart 16,0.000000,0.028785,0.971111,0.000000,0.000104
2023-02-18,1,Forklift 17,0.000000,0.001354,0.700694,0.001736,0.296215
2023-02-18,2,Forklift 01,0.000000,0.000139,0.999444,0.000000,0.000417
2023-02-18,2,Pallet truck 02,0.002396,0.008715,0.985868,0.001840,0.001181
2023-02-18,2,Pallet truck 03,0.000000,0.004132,0.995417,0.000000,0.000451
2023-02-18,2,Cart 04,0.000000,0.000000,0.999479,0.000000,0.000521
2023-02-18,2,Cart 05,0.000000,0.000104,0.999514,0.000000,0.000382
2023-02-18,2,Forklift 06,0.000000,0.000000,0.999375,0.000000,0.000625
2023-02-18,2,Pallet truck 07,0.000000,0.000000,0.999410,0.000000,0.000590
2023-02-18,2,Pallet truck 08,0.000000,0.000000,0.999306,0.000000,0.000694
2023-02-18,2,Cart 09,0.000000,0.000000,0.796042,0.000000,0.203958
2023-02-18,2,Cart 10,0.000000,0.000313,0.999340,0.000000,0.000347
2023-02-18,2,Pallet truck 11,0.000000,0.000000,0.999514,0.000000,0.000486
2023-02-18,2,Cart 12,0.000000,0.000382,0.999097,0.000000,0.000521
2023-02-18,2,Cart 13,0.000000,0.004271,0.995313,0.000000,0.000417
2023-02-18,2,Pallet truck 14,0.000000,0.000000,0.812951,0.000000,0.187049
2023-02-18,2,Cart 15,0.000000,0.000000,0.999549,0.000000,0.000451
2023-02-18,2,Cart 16,0.000000,0.044271,0.954583,0.000000,0.001146
2023-02-18,2,Forklift 17,0.002882,0.021493,0.966875,0.008646,0.000104
2023-02-18,3,Forklift 01,0.000000,0.000000,0.999896,0.000000,0.000104
2023-02-18,3,Pallet truck 02,0.000000,0.015243,0.983576,0.001076,0.000104
2023-02-18,3,Pallet truck 03,0.000000,0.004687,0.842951,0.000000,0.152361
2023-02-18,3,Cart 04,0.000000,0.000000,0.656771,0.000000,0.343229
2023-02-18,3,Cart 05,0.000000,0.002083,0.872535,0.000000,0.125382
2023-02-18,3,Forklift 06,0.000000,0.000000,0.999896,0.000000,0.000104
2023-02-18,3,Pallet truck 07,0.000000,0.000000,0.578681,0.000000,0.421319
2023-02-18,3,Pallet truck 08,0.000000,0.000000,0.999896,0.000000,0.000104
2023-02-18,3,Cart 09,0.000000,0.000000,0.999896,0.000000,0.000104
2023-02-18,3,Cart 10,0.000000,0.000000,0.999896,0.000000,0.000104
2023-02-18,3,Pallet truck 11,0.000000,0.004236,0.995660,0.000000,0.000104
2023-02-18,3,Cart 12,0.000000,0.000000,0.999896,0.000000,0.000104
2023-02-18,3,Cart 13,0.000000,0.000000,0.999896,0.000000,0.000104
2023-02-18,3,Pallet truck 14,0.000000,0.002014,0.822708,0.000000,0.175278
2023-02-18,3,Cart 15,0.000000,0.000000,0.999201,0.000000,0.000799
2023-02-18,3,Cart 16,0.000000,0.023403,0.976493,0.000000,0.000104
2023-02-18,3,Forklift 17,0.000000,0.008229,0.382396,0.004271,0.605104
2023-02-19,1,Forklift 01,0.000000,0.000000,0.409340,0.000000,0.590660
2023-02-19,1,Pallet truck 02,0.001215,0.021389,0.379583,0.000000,0.597812
2023-02-19,1,Pallet truck 03,0.003785,0.002361,0.418889,0.000000,0.574965
2023-02-19,1,Cart 04,0.000000,0.000000,0.368750,0.000000,0.631250
2023-02-19,1,Cart 05,0.000000,0.000000,0.406493,0.000000,0.593507
2023-02-19,1,Forklift 06,0.000000,0.000000,0.366563,0.000000,0.633437
2023-02-19,1,Pallet truck 07,0.000000,0.000000,0.284375,0.000000,0.715625
2023-02-19,1,Pallet truck 08,0.003958,0.000000,0.339201,0.000000,0.656840
2023-02-19,1,Cart 09,0.000000,0.000000,0.358194,0.000000,0.641806
2023-02-19,1,Cart 10,0.000000,0.000000,0.360590,0.000000,0.639410
2023-02-19,1,Pallet truck 11,0.000000,0.000000,0.348715,0.000000,0.651285
2023-02-19,1,Cart 12,0.000000,0.000000,0.351632,0.000000,0.648368
2023-02-19,1,Cart 13,0.000000,0.021701,0.332049,0.000000,0.646250
2023-02-19,1,Pallet truck 14,0.000000,0.002083,0.387674,0.000000,0.610243
2023-02-19,1,Cart 15,0.005833,0.003785,0.448958,0.000000,0.541424
2023-02-19,1,Cart 16,0.000000,0.003750,0.391771,0.000000,0.604479
2023-02-19,2,Forklift 01,0.000000,0.001771,0.439896,0.000000,0.558333
2023-02-19,2,Pallet truck 02,0.000000,0.001563,0.471250,0.000382,0.526806
2023-02-19,2,Pallet truck 03,0.000000,0.000451,0.453854,0.000000,0.545694
2023-02-19,2,Cart 04,0.000000,0.000000,0.660694,0.000000,0.339306
2023-02-19,2,Cart 05,0.000000,0.000000,0.463819,0.002431,0.533750
2023-02-19,2,Forklift 06,0.000000,0.000000,0.624896,0.375000,0.000104
2023-02-19,2,Pallet truck 07,0.000000,0.000000,0.640729,0.000000,0.359271
2023-02-19,2,Pallet truck 08,0.000000,0.000000,0.637396,0.362500,0.000104
2023-02-19,2,Cart 09,0.000000,0.001979,0.658333,0.339583,0.000104
2023-02-19,2,Cart 10,0.000000,0.000000,0.673854,0.000000,0.326146
2023-02-19,2,Pallet truck 11,0.000000,0.001944,0.692500,0.000000,0.305556
2023-02-19,2,Cart 12,0.000000,0.000000,0.703299,0.000000,0.296701
2023-02-19,2,Cart 13,0.000000,0.001667,0.699132,0.000000,0.299201
2023-02-19,2,Pallet truck 14,0.000000,0.002639,0.600833,0.000000,0.396528
2023-02-19,2,Cart 15,0.000000,0.000000,0.595729,0.404167,0.000104
2023-02-19,2,Cart 16,0.000000,0.009444,0.571944,0.416667,0.001944
2023-02-19,2,Forklift 17,0.000000,0.006181,0.552049,0.441667,0.000104
2023-02-19,3,Forklift 01,0.000000,0.000000,0.999896,0.000000,0.000104
2023-02-19,3,Pallet truck 02,0.046806,0.003611,0.946007,0.000000,0.003576
2023-02-19,3,Pallet truck 03,0.000000,0.000000,0.999896,0.000000,0.000104
2023-02-19,3,Cart 04,0.000000,0.000000,0.999896,0.000000,0.000104
2023-02-19,3,Cart 05,0.000000,0.000000,0.999896,0.000000,0.000104
2023-02-19,3,Forklift 06,0.000000,0.000000,0.999896,0.000000,0.000104
2023-02-19,3,Pallet truck 07,0.000000,0.001806,0.998090,0.000000,0.000104
2023-02-19,3,Pallet truck 08,0.000000,0.021007,0.970972,0.000000,0.008021
2023-02-19,3,Cart 09,0.000000,0.000000,0.999896,0.000000,0.000104
2023-02-19,3,Cart 10,0.000000,0.000000,0.999896,0.000000,0.000104
2023-02-19,3,Pallet truck 11,0.000000,0.000000,0.999896,0.000000,0.000104
2023-02-19,3,Cart 12,0.000000,0.000000,0.999896,0.000000,0.000104
2023-02-19,3,Cart 13,0.000000,0.003229,0.996667,0.000000,0.000104
2023-02-19,3,Pallet truck 14,0.000000,0.000000,0.999896,0.000000,0.000104
2023-02-19,3,Cart 15,0.000000,0.000000,0.999896,0.000000,0.000104
2023-02-19,3,Cart 16,0.000000,0.002465,0.997431,0.000000,0.000104
2023-02-19,3,Forklift 17,0.000000,0.002465,0.997431,0.000000,0.000104
2023-02-20,1,Forklift 01,0.008889,0.005035,0.802049,0.000000,0.184028
2023-02-20,1,Pallet truck 02,0.043403,0.199583,0.756493,0.000417,0.000104
2023-02-20,1,Pallet truck 03,0.000000,0.000799,0.816528,0.000000,0.182674
2023-02-20,1,Cart 04,0.035278,0.026840,0.738958,0.000347,0.198576
2023-02-20,1,Cart 05,0.000000,0.002326,0.596250,0.237569,0.163854
2023-02-20,1,Forklift 06,0.000000,0.000000,0.999896,0.000000,0.000104
2023-02-20,1,Pallet truck 07,0.000000,0.007188,0.987326,0.000000,0.005486
2023-02-20,1,Pallet truck 08,0.013264,0.014514,0.966146,0.000000,0.006076
2023-02-20,1,Cart 09,0.000000,0.001667,0.987708,0.000000,0.010625
2023-02-20,1,Cart 10,0.000000,0.000000,0.829097,0.000000,0.170903
2023-02-20,1,Pallet truck 11,0.016667,0.021354,0.804757,0.000000,0.157222
2023-02-20,1,Cart 12,0.000000,0.000000,0.898472,0.000000,0.101528
2023-02-20,1,Cart 13,0.000000,0.000000,0.999896,0.000000,0.000104
2023-02-20,1,Pallet truck 14,0.000000,0.001389,0.721736,0.000000,0.276875
2023-02-20,1,Cart 15,0.008125,0.000000,0.708160,0.000000,0.283715
2023-02-20,1,Cart 16,0.007882,0.023403,0.968611,0.000000,0.000104
2023-02-20,1,Forklift 17,0.116736,0.019479,0.863681,0.000000,0.000104
2023-02-20,2,Forklift 01,0.032431,0.003924,0.963542,0.000000,0.000104
2023-02-20,2,Pallet truck 02,0.008819,0.163333,0.827535,0.000208,0.000104
2023-02-20,2,Pallet truck 03,0.000000,0.000000,0.999896,0.000000,0.000104
2023-02-20,2,Cart 04,0.065139,0.060590,0.869826,0.001910,0.002535
2023-02-20,2,Forklift 06,0.000000,0.000000,0.999896,0.000000,0.000104
2023-02-20,2,Pallet truck 07,0.014687,0.000694,0.984514,0.000000,0.000104
2023-02-20,2,Pallet truck 08,0.000000,0.000000,0.999896,0.000000,0.000104
2023-02-20,2,Cart 09,0.024931,0.000000,0.974965,0.000000,0.000104
2023-02-20,2,Cart 10,0.027083,0.002812,0.970000,0.000000,0.000104
2023-02-20,2,Pallet truck 11,0.000000,0.000000,0.999896,0.000000,0.000104
2023-02-20,2,Cart 12,0.000000,0.003750,0.996146,0.000000,0.000104
2023-02-20,2,Cart 13,0.000000,0.000000,0.999896,0.000000,0.000104
2023-02-20,2,Pallet truck 14,0.000000,0.000000,0.999896,0.000000,0.000104
2023-02-20,2,Cart 15,0.000000,0.000000,0.999896,0.000000,0.000104
2023-02-20,2,Cart 16,0.000000,0.022361,0.841424,0.000000,0.136215
2023-02-20,2,Forklift 17,0.000000,0.000174,0.999653,0.000069,0.000104
2023-02-20,3,Forklift 01,0.000000,0.000000,0.999896,0.000000,0.000104
2023-02-20,3,Pallet truck 02,0.043264,0.097431,0.669479,0.179167,0.010660
2023-02-20,3,Pallet truck 03,0.000000,0.000000,0.761319,0.000000,0.238681
2023-02-20,3,Cart 04,0.001354,0.134444,0.863715,0.000382,0.000104
2023-02-20,3,Forklift 06,0.000000,0.000000,0.999896,0.000000,0.000104
2023-02-20,3,Pallet truck 07,0.000000,0.000000,0.999896,0.000000,0.000104
2023-02-20,3,Pallet truck 08,0.000000,0.025174,0.974722,0.000000,0.000104
2023-02-20,3,Cart 09,0.000000,0.000000,0.999896,0.000000,0.000104
2023-02-20,3,Cart 10,0.005139,0.000000,0.994757,0.000000,0.000104
2023-02-20,3,Pallet truck 11,0.000000,0.000000,0.999896,0.000000,0.000104
2023-02-20,3,Cart 12,0.000000,0.000000,0.622708,0.000000,0.377292
2023-02-20,3,Cart 13,0.000000,0.000000,0.999896,0.000000,0.000104
2023-02-20,3,Pallet truck 14,0.000000,0.000000,0.999896,0.000000,0.000104
2023-02-20,3,Cart 15,0.009444,0.007847,0.961528,0.000000,0.021181
2023-02-20,3,Cart 16,0.000000,0.015868,0.903264,0.000000,0.080868
2023-02-20,3,Forklift 17,0.000000,0.000000,0.999896,0.000000,0.000104
2023-02-21,1,Forklift 01,0.042431,0.003021,0.954444,0.000000,0.000104
2023-02-21,1,Pallet truck 02,0.020833,0.048785,0.928785,0.001493,0.000104
2023-02-21,1,Pallet truck 03,0.000000,0.000000,0.732708,0.000000,0.267292
2023-02-21,1,Cart 04,0.026493,0.067222,0.905139,0.001042,0.000104
2023-02-21,1,Cart 05,0.000000,0.000556,0.000833,0.000000,0.998611
2023-02-21,1,Forklift 06,0.000000,0.000000,0.999896,0.000000,0.000104
2023-02-21,1,Pallet truck 07,0.000000,0.006285,0.991701,0.000000,0.002014
2023-02-21,1,Pallet truck 08,0.000000,0.000382,0.408403,0.000000,0.591215
2023-02-21,1,Cart 09,0.000000,0.000000,0.776354,0.000000,0.223646
2023-02-21,1,Cart 10,0.017639,0.001389,0.980868,0.000000,0.000104
2023-02-21,1,Pallet truck 11,0.045903,0.015069,0.938924,0.000000,0.000104
2023-02-21,1,Cart 12,0.000000,0.010590,0.713229,0.000000,0.276181
2023-02-21,1,Cart 13,0.009722,0.002049,0.988125,0.000000,0.000104
2023-02-21,1,Cart 15,0.040694,0.025278,0.933924,0.000000,0.000104
2023-02-21,1,Cart 16,0.015035,0.020139,0.912639,0.000000,0.052187
2023-02-21,1,Forklift 17,0.088056,0.011944,0.898958,0.000937,0.000104
2023-02-21,2,Forklift 01,0.033611,0.002396,0.658681,0.000000,0.305312
2023-02-21,2,Pallet truck 02,0.000000,0.012396,0.186181,0.197917,0.603507
2023-02-21,2,Pallet truck 03,0.000000,0.000000,0.825000,0.000000,0.175000
2023-02-21,2,Cart 04,0.043194,0.041493,0.914931,0.000278,0.000104
2023-02-21,2,Forklift 06,0.000000,0.000000,0.677535,0.000000,0.322465
2023-02-21,2,Pallet truck 07,0.000000,0.012361,0.987535,0.000000,0.000104
2023-02-21,2,Pallet truck 08,0.000000,0.000000,0.633889,0.000000,0.366111
2023-02-21,2,Cart 09,0.013854,0.000000,0.986042,0.000000,0.000104
2023-02-21,2,Cart 10,0.000000,0.000000,0.999896,0.000000,0.000104
2023-02-21,2,Pallet truck 11,0.000000,0.000000,0.590486,0.000000,0.409514
2023-02-21,2,Cart 12,0.000000,0.001840,0.410938,0.000000,0.587222
2023-02-21,2,Cart 13,0.000000,0.000000,0.999896,0.000000,0.000104
2023-02-21,2,Pallet truck 14,0.000000,0.000000,0.201979,0.797917,0.000104
2023-02-21,2,Cart 15,0.000000,0.000174,0.581215,0.000000,0.418611
2023-02-21,2,Cart 16,0.000000,0.000000,0.527257,0.000000,0.472743
2023-02-21,2,Forklift 17,0.000000,0.038125,0.840903,0.003507,0.117465
2023-02-21,3,Forklift 01,0.000000,0.000000,0.999896,0.000000,0.000104
2023-02-21,3,Pallet truck 02,0.086424,0.147361,0.608854,0.157257,0.000104
2023-02-21,3,Pallet truck 03,0.011736,0.004792,0.979097,0.000000,0.004375
2023-02-21,3,Cart 04,0.063785,0.192569,0.742917,0.000625,0.000104
2023-02-21,3,Forklift 06,0.000000,0.000000,0.888646,0.000000,0.111354
2023-02-21,3,Pallet truck 07,0.000000,0.000000,0.495729,0.000000,0.504271
2023-02-21,3,Pallet truck 08,0.000000,0.026042,0.853021,0.000000,0.120938
2023-02-21,3,Cart 09,0.000000,0.000000,0.119826,0.000000,0.880174
2023-02-21,3,Cart 10,0.000000,0.000000,0.757465,0.000000,0.242535
2023-02-21,3,Pallet truck 11,0.000000,0.010451,0.864167,0.000139,0.125243
2023-02-21,3,Cart 12,0.000000,0.000972,0.493472,0.000000,0.505556
2023-02-21,3,Cart 13,0.000000,0.000000,0.999896,0.000000,0.000104
2023-02-21,3,Pallet truck 14,0.000000,0.000000,0.081181,0.918750,0.000069
2023-02-21,3,Cart 15,0.000000,0.000000,0.999896,0.000000,0.000104
2023-02-21,3,Cart 16,0.000000,0.009028,0.879583,0.000000,0.111389
2023-02-21,3,Forklift 17,0.000000,0.005903,0.992986,0.001007,0.000104
2023-02-22,1,Forklift 01,0.018403,0.003785,0.977708,0.000000,0.000104
2023-02-22,1,Pallet truck 02,0.043021,0.105729,0.803958,0.047118,0.000174
2023-02-22,1,Pallet truck 03,0.000000,0.003403,0.607743,0.000000,0.388854
2023-02-22,1,Cart 04,0.026632,0.001840,0.661528,0.000000,0.310000
2023-02-22,1,Forklift 06,0.009410,0.004410,0.986076,0.000000,0.000104
2023-02-22,1,Pallet truck 07,0.000000,0.000000,0.106736,0.000069,0.893194
2023-02-22,1,Pallet truck 08,0.000000,0.004965,0.984826,0.000000,0.010208
2023-02-22,1,Cart 09,0.000000,0.000000,0.499965,0.000000,0.500035
2023-02-22,1,Cart 10,0.000000,0.000000,0.490903,0.000000,0.509097
2023-02-22,1,Pallet truck 11,0.046528,0.000000,0.953368,0.000000,0.000104
2023-02-22,1,Cart 12,0.000000,0.001736,0.486910,0.000000,0.511354
2023-02-22,1,Cart 13,0.000000,0.000000,0.999896,0.000000,0.000104
2023-02-22,1,Cart 15,0.022257,0.019861,0.957778,0.000000,0.000104
2023-02-22,1,Cart 16,0.016354,0.011111,0.972431,0.000000,0.000104
2023-02-22,1,Forklift 17,0.049549,0.009201,0.941146,0.000000,0.000104
2023-02-22,2,Forklift 01,0.035417,0.006771,0.957708,0.000000,0.000104
2023-02-22,2,Pallet truck 02,0.008403,0.060208,0.884653,0.046562,0.000174
2023-02-22,2,Pallet truck 03,0.000000,0.002014,0.538056,0.000000,0.459931
2023-02-22,2,Cart 04,0.028958,0.021111,0.485278,0.001042,0.463611
2023-02-22,2,Forklift 06,0.000000,0.000000,0.919201,0.000000,0.080799
2023-02-22,2,Pallet truck 07,0.000000,0.000000,0.521215,0.000000,0.478785
2023-02-22,2,Pallet truck 08,0.013472,0.000000,0.940243,0.000000,0.046285
2023-02-22,2,Cart 09,0.033264,0.003611,0.963021,0.000000,0.000104
2023-02-22,2,Cart 10,0.012951,0.000000,0.986944,0.000000,0.000104
2023-02-22,2,Pallet truck 11,0.000000,0.000000,0.999896,0.000000,0.000104
2023-02-22,2,Cart 12,0.000000,0.000000,0.999896,0.000000,0.000104
2023-02-22,2,Cart 13,0.000000,0.000000,0.999896,0.000000,0.000104
2023-02-22,2,Cart 15,0.000000,0.000000,0.639375,0.000000,0.360625
2023-02-22,2,Cart 16,0.000000,0.063681,0.469479,0.000833,0.466007
2023-02-22,2,Forklift 17,0.000000,0.000000,0.553056,0.000069,0.446875
2023-02-22,3,Forklift 01,0.000000,0.002812,0.648889,0.000000,0.348299
2023-02-22,3,Pallet truck 02,0.012882,0.097569,0.841146,0.042500,0.005903
2023-02-22,3,Pallet truck 03,0.000000,0.000000,0.999896,0.000000,0.000104
2023-02-22,3,Cart 04,0.032222,0.052708,0.914861,0.000104,0.000104
2023-02-22,3,Forklift 06,0.000000,0.000000,0.999896,0.000000,0.000104
2023-02-22,3,Pallet truck 07,0.000000,0.000417,0.999479,0.000000,0.000104
2023-02-22,3,Pallet truck 08,0.000000,0.012882,0.987014,0.000000,0.000104
2023-02-22,3,Cart 09,0.000000,0.000000,0.311215,0.000000,0.688785
2023-02-22,3,Cart 10,0.000000,0.000000,0.363750,0.000000,0.636250
2023-02-22,3,Pallet truck 11,0.011007,0.000000,0.988889,0.000000,0.000104
2023-02-22,3,Cart 12,0.000000,0.000000,0.999896,0.000000,0.000104
2023-02-22,3,Cart 13,0.000000,0.000000,0.185972,0.000000,0.814028
2023-02-22,3,Cart 15,0.000000,0.003750,0.996146,0.000000,0.000104
2023-02-22,3,Cart 16,0.000000,0.113611,0.711146,0.000000,0.175243
2023-02-22,3,Forklift 17,0.029132,0.000000,0.970764,0.000000,0.000104
2023-02-23,1,Forklift 01,0.016146,0.004931,0.880972,0.000000,0.097951
2023-02-23,1,Pallet truck 02,0.086736,0.184028,0.728819,0.000313,0.000104
2023-02-23,1,Pallet truck 03,0.000000,0.006875,0.993021,0.000000,0.000104
2023-02-23,1,Cart 04,0.016944,0.095833,0.749306,0.000521,0.137396
2023-02-23,1,Forklift 06,0.026146,0.001458,0.972292,0.000000,0.000104
2023-02-23,1,Pallet truck 07,0.036389,0.022847,0.605799,0.000000,0.334965
2023-02-23,1,Pallet truck 08,0.047326,0.031146,0.921424,0.000000,0.000104
2023-02-23,1,Cart 09,0.009097,0.008090,0.881389,0.000000,0.101424
2023-02-23,1,Cart 10,0.000000,0.000000,0.880764,0.000000,0.119236
2023-02-23,1,Pallet truck 11,0.004792,0.002778,0.992326,0.000000,0.000104
2023-02-23,1,Cart 12,0.000000,0.001806,0.998090,0.000000,0.000104
2023-02-23,1,Cart 13,0.000000,0.000000,0.878368,0.000000,0.121632
2023-02-23,1,Cart 15,0.015625,0.008160,0.976111,0.000000,0.000104
2023-02-23,1,Forklift 17,0.090313,0.033854,0.874757,0.000972,0.000104
2023-02-23,2,Forklift 01,0.027361,0.004965,0.967569,0.000000,0.000104
2023-02-23,2,Pallet truck 02,0.059931,0.134583,0.709097,0.096319,0.000069
2023-02-23,2,Pallet truck 03,0.000000,0.006493,0.993403,0.000000,0.000104
2023-02-23,2,Cart 04,0.032431,0.215486,0.751563,0.000417,0.000104
2023-02-23,2,Forklift 06,0.000000,0.000000,0.999896,0.000000,0.000104
2023-02-23,2,Pallet truck 07,0.000000,0.012118,0.983333,0.000000,0.004549
2023-02-23,2,Pallet truck 08,0.000000,0.001632,0.993715,0.000000,0.004653
2023-02-23,2,Cart 09,0.000000,0.000000,0.934271,0.000000,0.065729
2023-02-23,2,Cart 10,0.000000,0.000000,0.827535,0.000000,0.172465
2023-02-23,2,Pallet truck 11,0.000000,0.000000,0.588750,0.000000,0.411250
2023-02-23,2,Cart 12,0.000000,0.000000,0.999896,0.000000,0.000104
2023-02-23,2,Cart 13,0.000000,0.000000,0.999896,0.000000,0.000104
2023-02-23,2,Cart 15,0.000000,0.000000,0.999896,0.000000,0.000104
2023-02-23,2,Forklift 17,0.000000,0.001215,0.995417,0.003264,0.000104
2023-02-23,3,Forklift 01,0.000000,0.014410,0.643958,0.000000,0.341632
2023-02-23,3,Pallet truck 03,0.015833,0.005590,0.765694,0.000000,0.212882
2023-02-23,3,Cart 04,0.000000,0.000590,0.570208,0.000000,0.429201
2023-02-23,3,Forklift 06,0.000000,0.000000,0.999896,0.000000,0.000104
2023-02-23,3,Pallet truck 07,0.000000,0.000000,0.775937,0.000000,0.224062
2023-02-23,3,Pallet truck 08,0.000000,0.012431,0.987465,0.000000,0.000104
2023-02-23,3,Cart 09,0.000000,0.005243,0.879965,0.000000,0.114792
2023-02-23,3,Cart 10,0.000000,0.000000,0.888646,0.000000,0.111354
2023-02-23,3,Pallet truck 11,0.000000,0.000000,0.885833,0.000000,0.114167
2023-02-23,3,Cart 12,0.000000,0.000000,0.999896,0.000000,0.000104
2023-02-23,3,Cart 13,0.000000,0.000000,0.999896,0.000000,0.000104
2023-02-23,3,Cart 15,0.000000,0.000000,0.926910,0.000000,0.073090
2023-02-23,3,Forklift 17,0.000000,0.000937,0.997639,0.001319,0.000104
2023-02-24,1,Forklift 01,0.000000,0.002118,0.797500,0.000000,0.200382
2023-02-24,1,Pallet truck 03,0.027222,0.000000,0.770451,0.000000,0.202326
2023-02-24,1,Cart 04,0.042465,0.049201,0.702257,0.001597,0.204479
2023-02-24,1,Forklift 06,0.020174,0.000000,0.796528,0.000000,0.183299
2023-02-24,1,Pallet truck 07,0.000000,0.005868,0.763125,0.000000,0.231007
2023-02-24,1,Pallet truck 08,0.027396,0.018021,0.954479,0.000000,0.000104
2023-02-24,1,Cart 09,0.000000,0.004306,0.995590,0.000000,0.000104
2023-02-24,1,Cart 10,0.000000,0.001458,0.998437,0.000000,0.000104
2023-02-24,1,Pallet truck 11,0.014028,0.000000,0.985868,0.000000,0.000104
2023-02-24,1,Cart 12,0.010208,0.001424,0.988264,0.000000,0.000104
2023-02-24,1,Cart 13,0.000000,0.000000,0.999896,0.000000,0.000104
2023-02-24,1,Cart 15,0.000000,0.003715,0.747812,0.000000,0.248472
2023-02-24,1,Forklift 17,0.050347,0.019062,0.922083,0.001215,0.007292
2023-02-24,2,Forklift 01,0.040069,0.002500,0.957326,0.000000,0.000104
2023-02-24,2,Pallet truck 02,0.010174,0.064514,0.301701,0.623507,0.000104
2023-02-24,2,Pallet truck 03,0.000000,0.000000,0.999896,0.000000,0.000104
2023-02-24,2,Cart 04,0.033611,0.066076,0.898958,0.001250,0.000104
2023-02-24,2,Forklift 06,0.000000,0.000000,0.258264,0.741667,0.000069
2023-02-24,2,Pallet truck 07,0.000000,0.000000,0.133264,0.866667,0.000069
2023-02-24,2,Pallet truck 08,0.000000,0.000000,0.606181,0.393750,0.000069
2023-02-24,2,Cart 09,0.014028,0.001875,0.983993,0.000000,0.000104
2023-02-24,2,Cart 10,0.000000,0.000000,0.460347,0.539583,0.000069
2023-02-24,2,Pallet truck 11,0.000000,0.000000,0.588056,0.187500,0.224444
2023-02-24,2,Cart 12,0.000000,0.000660,0.754931,0.000000,0.244410
2023-02-24,2,Cart 13,0.000000,0.000000,0.209167,0.406250,0.384583
2023-02-24,2,Cart 15,0.000000,0.000000,0.737431,0.262500,0.000069
2023-02-24,2,Forklift 17,0.000000,0.000243,0.920521,0.079167,0.000069
2023-02-25,1,Pallet truck 02,0.000000,0.011632,0.113264,0.000000,0.875104
2023-02-25,1,Cart 04,0.018194,0.025937,0.080764,0.000000,0.875104
2023-02-25,1,Forklift 06,0.000000,0.000174,0.000035,1.121528,-0.121736
2023-02-25,1,Cart 09,0.000000,0.002951,0.000347,1.102083,-0.105382
2023-02-25,1,Cart 10,0.000000,0.000000,0.000035,1.119514,-0.119549
2023-02-25,1,Pallet truck 11,0.000000,0.002604,0.000313,1.091250,-0.094167
2023-02-25,1,Cart 12,0.000000,0.022500,0.090278,0.012118,0.875104
2023-02-25,1,Cart 13,0.000000,0.001146,0.000208,1.116806,-0.118160
2023-02-25,1,Cart 15,0.000000,0.000417,0.000000,1.113125,-0.113542
2023-02-26,1,Forklift 17,0.000000,0.000000,0.127396,0.000000,0.872604
2023-02-27,1,Forklift 01,0.084132,0.081250,0.834514,0.000000,0.000104
2023-02-27,1,Pallet truck 02,0.081076,0.027187,0.885417,0.000000,0.006319
2023-02-27,1,Pallet truck 03,0.000000,0.000000,0.999896,0.000000,0.000104
2023-02-27,1,Cart 04,0.072153,0.007674,0.918021,0.000000,0.002153
2023-02-27,1,Cart 05,0.000000,0.000000,0.999896,0.000000,0.000104
2023-02-27,1,Forklift 06,0.036528,0.003472,0.959896,0.000000,0.000104
2023-02-27,1,Pallet truck 07,0.029132,0.031979,0.936146,0.000000,0.002743
2023-02-27,1,Pallet truck 08,0.069132,0.022882,0.817639,0.081250,0.009097
2023-02-27,1,Cart 09,0.024132,0.016667,0.959097,0.000000,0.000104
2023-02-27,1,Cart 10,0.056667,0.032500,0.903681,0.000000,0.007153
2023-02-27,1,Pallet truck 11,0.011146,0.003854,0.984896,0.000000,0.000104
2023-02-27,1,Cart 12,0.021042,0.002847,0.976007,0.000000,0.000104
2023-02-27,1,Cart 13,0.011736,0.007535,0.980625,0.000000,0.000104
2023-02-27,1,Pallet truck 14,0.000000,0.006319,0.993576,0.000000,0.000104
2023-02-27,1,Cart 15,0.014861,0.021667,0.608576,0.352083,0.002812
2023-02-27,1,Cart 16,0.010972,0.006632,0.982292,0.000000,0.000104
2023-02-27,1,Forklift 17,0.013472,0.015868,0.301111,0.666667,0.002882
2023-02-27,2,Forklift 01,0.035660,0.056840,0.739965,0.000000,0.167535
2023-02-27,2,Pallet truck 02,0.000000,0.014965,0.264410,0.406250,0.314375
2023-02-27,2,Pallet truck 03,0.000000,0.000243,0.663681,0.001458,0.334618
2023-02-27,2,Cart 04,0.034444,0.022083,0.942292,0.000000,0.001181
2023-02-27,2,Cart 05,0.012743,0.000521,0.952951,0.000000,0.033785
2023-02-27,2,Forklift 06,0.016979,0.014514,0.648403,0.000000,0.320104
2023-02-27,2,Pallet truck 07,0.054410,0.000000,0.944097,0.000000,0.001493
2023-02-27,2,Pallet truck 08,0.012778,0.005694,0.791632,0.000000,0.189896
2023-02-27,2,Cart 09,0.004792,0.000729,0.681493,0.000000,0.312986
2023-02-27,2,Cart 10,0.016319,0.001632,0.811042,0.000000,0.171007
2023-02-27,2,Pallet truck 11,0.000000,0.001250,0.997674,0.000000,0.001076
2023-02-27,2,Cart 12,0.000000,0.000764,0.775417,0.000000,0.223819
2023-02-27,2,Cart 13,0.008646,0.001632,0.669687,0.000000,0.320035
2023-02-27,2,Pallet truck 14,0.000000,0.001007,0.774826,0.000000,0.224167
2023-02-27,2,Cart 15,0.000000,0.001076,0.791632,0.000000,0.207292
2023-02-27,2,Cart 16,0.000486,0.010625,0.570312,0.000000,0.418576
2023-02-27,2,Forklift 17,0.000000,0.027639,0.948090,0.000000,0.024271
2023-02-27,3,Forklift 01,0.000000,0.078507,0.921389,0.000000,0.000104
2023-02-27,3,Pallet truck 03,0.016736,0.000000,0.983160,0.000000,0.000104
2023-02-27,3,Cart 04,0.000000,0.013229,0.857431,0.000000,0.129340
2023-02-27,3,Cart 05,0.000000,0.003854,0.996042,0.000000,0.000104
2023-02-27,3,Forklift 06,0.045590,0.016563,0.937743,0.000000,0.000104
2023-02-27,3,Pallet truck 07,0.000000,0.007847,0.794861,0.000000,0.197292
2023-02-27,3,Pallet truck 08,0.007465,0.047847,0.826458,0.000208,0.118021
2023-02-27,3,Cart 09,0.000000,0.001528,0.998368,0.000000,0.000104
2023-02-27,3,Cart 10,0.015035,0.003229,0.876736,0.000000,0.105000
2023-02-27,3,Pallet truck 11,0.000000,0.008472,0.832326,0.000000,0.159201
2023-02-27,3,Cart 12,0.000000,0.000000,0.999896,0.000000,0.000104
2023-02-27,3,Cart 13,0.000000,0.005764,0.994132,0.000000,0.000104
2023-02-27,3,Pallet truck 14,0.000000,0.008160,0.991736,0.000000,0.000104
2023-02-27,3,Cart 15,0.000000,0.005729,0.994167,0.000000,0.000104
2023-02-27,3,Cart 16,0.000000,0.000000,0.999896,0.000000,0.000104
2023-02-27,3,Forklift 17,0.026701,0.002708,0.904861,0.000000,0.065729
2023-02-28,1,Forklift 01,0.020243,0.010729,0.791632,0.000000,0.177396
2023-02-28,1,Pallet truck 02,0.071111,0.011493,0.629340,0.283333,0.004722
2023-02-28,1,Pallet truck 03,0.031181,0.001528,0.747986,0.000000,0.219306
2023-02-28,1,Cart 04,0.072847,0.010556,0.910625,0.000000,0.005972
2023-02-28,1,Cart 05,0.000000,0.000000,0.999896,0.000000,0.000104
2023-02-28,1,Forklift 06,0.063646,0.013299,0.878021,0.000000,0.045035
2023-02-28,1,Pallet truck 07,0.014583,0.011910,0.969271,0.000000,0.004236
2023-02-28,1,Pallet truck 08,0.102986,0.032569,0.859201,0.000000,0.005243
2023-02-28,1,Cart 09,0.000000,0.013715,0.895069,0.000000,0.091215
2023-02-28,1,Cart 10,0.092743,0.010035,0.897118,0.000000,0.000104
2023-02-28,1,Pallet truck 11,0.000000,0.000833,0.999062,0.000000,0.000104
2023-02-28,1,Cart 12,0.000000,0.002708,0.997188,0.000000,0.000104
2023-02-28,1,Cart 13,0.000000,0.000000,0.999896,0.000000,0.000104
2023-02-28,1,Pallet truck 14,0.000000,0.004792,0.825313,0.000000,0.169896
2023-02-28,1,Cart 15,0.018299,0.000972,0.980417,0.000000,0.000313
2023-02-28,1,Cart 16,0.000000,0.023958,0.975938,0.000000,0.000104
2023-02-28,1,Forklift 17,0.071389,0.082153,0.571910,0.272917,0.001632
2023-02-28,2,Forklift 01,0.009271,0.060764,0.924340,0.000000,0.005625
2023-02-28,2,Pallet truck 02,0.013437,0.020972,0.961771,0.000000,0.003819
2023-02-28,2,Pallet truck 03,0.000000,0.011181,0.982639,0.000000,0.006181
2023-02-28,2,Cart 04,0.016944,0.004792,0.971944,0.000139,0.006181
2023-02-28,2,Cart 05,0.000000,0.005729,0.290833,0.652083,0.051354
2023-02-28,2,Forklift 06,0.000000,0.051875,0.802257,0.000347,0.145521
2023-02-28,2,Pallet truck 07,0.000000,0.004167,0.853715,0.000000,0.142118
2023-02-28,2,Pallet truck 08,0.000000,0.000000,0.903160,0.000000,0.096840
2023-02-28,2,Cart 09,0.012083,0.000000,0.842431,0.000000,0.145486
2023-02-28,2,Cart 10,0.000000,0.000347,0.992361,0.000000,0.007292
2023-02-28,2,Pallet truck 11,0.000000,0.003229,0.882118,0.000000,0.114653
2023-02-28,2,Cart 12,0.000000,0.001597,0.991389,0.000000,0.007014
2023-02-28,2,Cart 13,0.000000,0.000729,0.990660,0.000000,0.008611
2023-02-28,2,Pallet truck 14,0.000000,0.000000,0.993160,0.000000,0.006840
2023-02-28,2,Cart 15,0.000000,0.000000,0.860590,0.000000,0.139410
2023-02-28,2,Cart 16,0.000000,0.000833,0.995764,0.000000,0.003403
2023-02-28,2,Forklift 17,0.000000,0.025660,0.800208,0.000000,0.174132
2023-02-28,3,Forklift 01,0.000000,0.041597,0.958299,0.000000,0.000104
2023-02-28,3,Pallet truck 02,0.000000,0.040660,0.959236,0.000000,0.000104
2023-02-28,3,Pallet truck 03,0.002222,0.000000,0.916285,0.000000,0.081493
2023-02-28,3,Cart 04,0.000000,0.003438,0.996458,0.000000,0.000104
2023-02-28,3,Cart 05,0.000000,0.000000,0.427083,0.510417,0.062500
2023-02-28,3,Forklift 06,0.025486,0.018056,0.956354,0.000000,0.000104
2023-02-28,3,Pallet truck 07,0.000000,0.000000,0.999896,0.000000,0.000104
2023-02-28,3,Pallet truck 08,0.023056,0.046979,0.922778,0.000000,0.007188
2023-02-28,3,Cart 09,0.000000,0.000000,0.999896,0.000000,0.000104
2023-02-28,3,Cart 10,0.000000,0.000000,0.999896,0.000000,0.000104
2023-02-28,3,Pallet truck 11,0.000000,0.000000,0.999896,0.000000,0.000104
2023-02-28,3,Cart 12,0.000000,0.001979,0.997917,0.000000,0.000104
2023-02-28,3,Cart 13,0.000000,0.001632,0.907951,0.000000,0.090417
2023-02-28,3,Pallet truck 14,0.018889,0.005035,0.975972,0.000000,0.000104
2023-02-28,3,Cart 15,0.000000,0.000000,0.999896,0.000000,0.000104
2023-02-28,3,Cart 16,0.000000,0.000000,0.999896,0.000000,0.000104
2023-02-28,3,Forklift 17,0.017222,0.011458,0.971215,0.000000,0.000104
2023-03-01,1,Forklift 01,0.091493,0.019340,0.702743,0.000000,0.186424
2023-03-01,1,Pallet truck 02,0.099583,0.034410,0.850104,0.000000,0.015903
2023-03-01,1,Pallet truck 03,0.000000,0.000000,0.999896,0.000000,0.000104
2023-03-01,1,Cart 04,0.048229,0.004757,0.942847,0.000000,0.004167
2023-03-01,1,Cart 05,0.000000,0.000000,0.995590,0.000000,0.004410
2023-03-01,1,Forklift 06,0.000000,0.032500,0.828681,0.000000,0.138819
2023-03-01,1,Pallet truck 07,0.013889,0.003472,0.982535,0.000000,0.000104
2023-03-01,1,Pallet truck 08,0.037222,0.021389,0.937535,0.000000,0.003854
2023-03-01,1,Cart 09,0.066215,0.016493,0.769757,0.000000,0.147535
2023-03-01,1,Cart 10,0.017639,0.002951,0.978924,0.000000,0.000486
2023-03-01,1,Pallet truck 11,0.006285,0.000000,0.993611,0.000000,0.000104
2023-03-01,1,Cart 12,0.000000,0.000000,0.868264,0.000000,0.131736
2023-03-01,1,Cart 13,0.000000,0.002257,0.997639,0.000000,0.000104
2023-03-01,1,Pallet truck 14,0.010764,0.006667,0.970174,0.000000,0.012396
2023-03-01,1,Cart 15,0.014618,0.004618,0.979965,0.000000,0.000799
2023-03-01,1,Cart 16,0.006354,0.012535,0.981007,0.000000,0.000104
2023-03-01,1,Forklift 17,0.099236,0.134514,0.761181,0.000000,0.005069
2023-03-01,2,Forklift 01,0.008924,0.045625,0.945347,0.000000,0.000104
2023-03-01,2,Pallet truck 02,0.000000,0.006840,0.993056,0.000000,0.000104
2023-03-01,2,Pallet truck 03,0.000000,0.000000,0.999896,0.000000,0.000104
2023-03-01,2,Cart 04,0.032014,0.007049,0.953785,0.000174,0.006979
2023-03-01,2,Cart 05,0.012118,0.000000,0.987778,0.000000,0.000104
2023-03-01,2,Forklift 06,0.000000,0.015556,0.984271,0.000069,0.000104
2023-03-01,2,Pallet truck 07,0.018750,0.008715,0.972431,0.000000,0.000104
2023-03-01,2,Pallet truck 08,0.000000,0.001597,0.998299,0.000000,0.000104
2023-03-01,2,Cart 09,0.000000,0.000000,0.999896,0.000000,0.000104
2023-03-01,2,Cart 10,0.000000,0.000868,0.841528,0.000000,0.157604
2023-03-01,2,Pallet truck 11,0.000000,0.000000,0.999896,0.000000,0.000104
2023-03-01,2,Cart 12,0.000000,0.000000,0.999896,0.000000,0.000104
2023-03-01,2,Cart 13,0.000000,0.000000,0.999896,0.000000,0.000104
2023-03-01,2,Pallet truck 14,0.000000,0.000000,0.999896,0.000000,0.000104
2023-03-01,2,Cart 15,0.000000,0.000000,0.999896,0.000000,0.000104
2023-03-01,2,Cart 16,0.000000,0.008160,0.991701,0.000000,0.000139
2023-03-01,2,Forklift 17,0.006736,0.034792,0.958368,0.000000,0.000104
2023-03-01,3,Forklift 01,0.000000,0.010174,0.943160,0.000000,0.046667
2023-03-01,3,Pallet truck 02,0.017257,0.006319,0.973403,0.000000,0.003021
2023-03-01,3,Pallet truck 03,0.000000,0.002951,0.983611,0.000000,0.013437
2023-03-01,3,Cart 04,0.000000,0.013021,0.986875,0.000000,0.000104
2023-03-01,3,Cart 05,0.020278,0.000000,0.979618,0.000000,0.000104
2023-03-01,3,Forklift 06,0.009722,0.017014,0.939236,0.000000,0.034028
2023-03-01,3,Pallet truck 07,0.000000,0.000000,0.999896,0.000000,0.000104
2023-03-01,3,Pallet truck 08,0.000000,0.047361,0.949965,0.000000,0.002674
2023-03-01,3,Cart 09,0.010799,0.000000,0.989097,0.000000,0.000104
2023-03-01,3,Cart 10,0.000000,0.000000,0.999896,0.000000,0.000104
2023-03-01,3,Pallet truck 11,0.000000,0.000000,0.999896,0.000000,0.000104
2023-03-01,3,Cart 12,0.000000,0.000000,0.999896,0.000000,0.000104
2023-03-01,3,Cart 13,0.000000,0.000000,0.875486,0.000000,0.124514
2023-03-01,3,Pallet truck 14,0.000000,0.000764,0.876042,0.000000,0.123194
2023-03-01,3,Cart 15,0.000000,0.000000,0.999896,0.000000,0.000104
2023-03-01,3,Cart 16,0.000000,0.001979,0.986771,0.000000,0.011250
2023-03-01,3,Forklift 17,0.000000,0.004479,0.995417,0.000000,0.000104
2023-03-02,1,Forklift 01,0.000000,0.063299,0.936597,0.000000,0.000104
2023-03-02,1,Pallet truck 02,0.067396,0.020382,0.903681,0.000000,0.008542
2023-03-02,1,Pallet truck 03,0.000000,0.000000,0.999896,0.000000,0.000104
2023-03-02,1,Cart 04,0.044444,0.008438,0.944271,0.000000,0.002847
2023-03-02,1,Cart 05,0.000000,0.000000,0.162431,0.837500,0.000069
2023-03-02,1,Forklift 06,0.000000,0.000000,0.999896,0.000000,0.000104
2023-03-02,1,Pallet truck 07,0.001736,0.014167,0.838889,0.000000,0.145208
2023-03-02,1,Pallet truck 08,0.004167,0.032083,0.805729,0.000000,0.158021
2023-03-02,1,Cart 09,0.015139,0.007188,0.535625,0.439583,0.002465
2023-03-02,1,Cart 10,0.026736,0.007326,0.892049,0.000000,0.073889
2023-03-02,1,Pallet truck 11,0.000000,0.001319,0.998576,0.000000,0.000104
2023-03-02,1,Cart 12,0.000000,0.000000,0.999896,0.000000,0.000104
2023-03-02,1,Cart 13,0.000000,0.000000,0.999896,0.000000,0.000104
2023-03-02,1,Pallet truck 14,0.000000,0.001736,0.998160,0.000000,0.000104
2023-03-02,1,Cart 15,0.007986,0.078299,0.913611,0.000000,0.000104
2023-03-02,1,Cart 16,0.043472,0.017083,0.899583,0.000000,0.039861
2023-03-02,1,Forklift 17,0.106736,0.072535,0.820174,0.000451,0.000104
2023-03-02,2,Forklift 01,0.013229,0.037187,0.949479,0.000000,0.000104
2023-03-02,2,Pallet truck 02,0.014826,0.025208,0.957187,0.000000,0.002778
2023-03-02,2,Pallet truck 03,0.000000,0.000000,0.826181,0.000000,0.173819
2023-03-02,2,Cart 04,0.026597,0.023438,0.949861,0.000000,0.000104
2023-03-02,2,Forklift 06,0.000000,0.000000,0.924861,0.000000,0.075139
2023-03-02,2,Pallet truck 07,0.000000,0.002153,0.997743,0.000000,0.000104
2023-03-02,2,Pallet truck 08,0.033333,0.000000,0.966562,0.000000,0.000104
2023-03-02,2,Cart 10,0.016215,0.001875,0.981771,0.000000,0.000139
2023-03-02,2,Pallet truck 11,0.000000,0.000903,0.879236,0.000000,0.119861
2023-03-02,2,Cart 12,0.000000,0.000000,0.560347,0.439583,0.000069
2023-03-02,2,Cart 13,0.000000,0.000000,0.829479,0.000000,0.170521
2023-03-02,2,Pallet truck 14,0.000000,0.000000,0.963958,0.000000,0.036042
2023-03-02,2,Cart 15,0.000000,0.000000,0.999896,0.000000,0.000104
2023-03-02,2,Cart 16,0.000000,0.000000,0.946910,0.000000,0.053090
2023-03-02,2,Forklift 17,0.000000,0.086875,0.856944,0.000000,0.056181
2023-03-02,3,Forklift 01,0.000000,0.014028,0.933264,0.000000,0.052708
2023-03-02,3,Pallet truck 02,0.009062,0.011875,0.976007,0.000174,0.002882
2023-03-02,3,Pallet truck 03,0.013542,0.000000,0.981563,0.000000,0.004896
2023-03-02,3,Cart 04,0.000000,0.000139,0.952187,0.000000,0.047674
2023-03-02,3,Cart 05,0.000000,0.000000,0.854062,0.145833,0.000104
2023-03-02,3,Forklift 06,0.015694,0.000000,0.984201,0.000000,0.000104
2023-03-02,3,Pallet truck 07,0.000000,0.000000,0.999896,0.000000,0.000104
2023-03-02,3,Pallet truck 08,0.000000,0.001007,0.998889,0.000000,0.000104
2023-03-02,3,Cart 09,0.000000,0.000000,0.870729,0.129167,0.000104
2023-03-02,3,Cart 10,0.000000,0.072708,0.893889,0.000000,0.033403
2023-03-02,3,Pallet truck 11,0.000000,0.000000,0.999896,0.000000,0.000104
2023-03-02,3,Cart 12,0.000000,0.000000,0.897465,0.102083,0.000451
2023-03-02,3,Cart 13,0.000000,0.000000,0.999896,0.000000,0.000104
2023-03-02,3,Pallet truck 14,0.000000,0.000000,0.999896,0.000000,0.000104
2023-03-02,3,Cart 15,0.000000,0.000000,0.856215,0.068750,0.075035
2023-03-02,3,Cart 16,0.000000,0.000000,0.988750,0.000000,0.011250
2023-03-02,3,Forklift 17,0.000000,0.035729,0.949826,0.000000,0.014444
2023-03-03,1,Forklift 01,0.031667,0.006042,0.953264,0.000000,0.009028
2023-03-03,1,Pallet truck 02,0.056528,0.034097,0.906910,0.000000,0.002465
2023-03-03,1,Pallet truck 03,0.000000,0.000000,0.948160,0.000000,0.051840
2023-03-03,1,Cart 04,0.059757,0.016111,0.921146,0.000000,0.002986
2023-03-03,1,Cart 05,0.000000,0.000000,0.513368,0.000000,0.486632
2023-03-03,1,Forklift 06,0.000000,0.029028,0.909618,0.000000,0.061354
2023-03-03,1,Pallet truck 07,0.000000,0.010000,0.989896,0.000000,0.000104
2023-03-03,1,Pallet truck 08,0.007188,0.041181,0.880382,0.000000,0.071250
2023-03-03,1,Cart 09,0.002153,0.007917,0.555139,0.000000,0.434792
2023-03-03,1,Cart 10,0.029653,0.001944,0.569896,0.397917,0.000590
2023-03-03,1,Pallet truck 11,0.000000,0.000000,0.999514,0.000000,0.000486
2023-03-03,1,Cart 12,0.013542,0.001736,0.984618,0.000000,0.000104
2023-03-03,1,Cart 13,0.000000,0.000486,0.999410,0.000000,0.000104
2023-03-03,1,Pallet truck 14,0.006215,0.005139,0.903924,0.022917,0.061806
2023-03-03,1,Cart 15,0.000000,0.006076,0.670278,0.318750,0.004896
2023-03-03,1,Cart 16,0.000000,0.001424,0.974167,0.000000,0.024410
2023-03-03,1,Forklift 17,0.148021,0.068681,0.783194,0.000000,0.000104
2023-03-03,2,Forklift 01,0.006042,0.017604,0.744375,0.187500,0.044479
2023-03-03,2,Pallet truck 02,0.000000,0.011042,0.944965,0.043750,0.000243
2023-03-03,2,Pallet truck 03,0.000000,0.000000,0.683160,0.316667,0.000174
2023-03-03,2,Cart 04,0.050556,0.006146,0.901215,0.000000,0.042083
2023-03-03,2,Forklift 06,0.000000,0.000000,0.746424,0.170833,0.082743
2023-03-03,2,Pallet truck 07,0.000000,0.000000,0.910243,0.000000,0.089757
2023-03-03,2,Pallet truck 08,0.000000,0.000000,0.999896,0.000000,0.000104
2023-03-03,2,Cart 10,0.000000,0.000000,0.999896,0.000000,0.000104
2023-03-03,2,Pallet truck 11,0.000000,0.000000,0.977014,0.022917,0.000069
2023-03-03,2,Cart 12,0.000000,0.000000,0.232743,0.000729,0.766528
2023-03-03,2,Cart 13,0.000000,0.000000,0.985347,0.014583,0.000069
2023-03-03,2,Pallet truck 14,0.000000,0.000000,0.999410,0.000000,0.000590
2023-03-03,2,Cart 15,0.000000,0.000000,0.999896,0.000000,0.000104
2023-03-03,2,Cart 16,0.000000,0.000000,0.824826,0.175000,0.000174
2023-03-03,2,Forklift 17,0.000000,0.000000,0.910243,0.089583,0.000174
2023-03-04,1,Forklift 01,0.000000,0.053646,0.946250,0.000000,0.000104
2023-03-04,1,Pallet truck 02,0.000000,0.012708,0.856944,0.000000,0.130347
2023-03-04,1,Pallet truck 03,0.000000,0.000000,0.999896,0.000000,0.000104
2023-03-04,1,Cart 04,0.000000,0.000000,0.300868,0.000000,0.699132
2023-03-04,1,Pallet truck 07,0.000382,0.000799,0.229201,0.749896,0.019722
2023-03-04,1,Pallet truck 08,0.000000,0.000833,0.228889,0.685243,0.085035
2023-03-04,1,Cart 10,0.000000,0.002049,0.020694,0.000000,0.977257
2023-03-04,1,Pallet truck 11,0.000000,0.000000,0.224514,0.560347,0.215139
2023-03-04,1,Cart 13,0.000000,0.001007,0.219271,0.751875,0.027847
2023-03-04,1,Pallet truck 14,0.000000,0.040139,0.465035,0.000000,0.494826
2023-03-04,1,Cart 16,0.000000,0.047083,0.952812,0.000000,0.000104
2023-03-04,1,Forklift 17,0.008542,0.128819,0.862535,0.000000,0.000104
2023-03-05,2,Forklift 01,0.004514,0.039410,0.955972,0.000000,0.000104
2023-03-05,2,Pallet truck 02,0.002396,0.022083,0.974896,0.000521,0.000104
2023-03-05,2,Pallet truck 03,0.000000,0.008090,0.991806,0.000000,0.000104
2023-03-05,2,Cart 04,0.010972,0.042917,0.946007,0.000000,0.000104
2023-03-05,2,Cart 05,0.000000,0.011319,0.960208,0.000000,0.028472
2023-03-05,2,Forklift 06,0.000000,0.107500,0.892396,0.000000,0.000104
2023-03-05,2,Pallet truck 07,0.000000,0.398958,0.600938,0.000000,0.000104
2023-03-05,2,Pallet truck 08,0.000000,0.013403,0.986493,0.000000,0.000104
2023-03-05,2,Cart 09,0.000000,0.053993,0.945903,0.000000,0.000104
2023-03-05,2,Cart 10,0.002083,0.000000,0.997778,0.000000,0.000139
2023-03-05,2,Pallet truck 11,0.000000,0.016910,0.982986,0.000000,0.000104
2023-03-05,2,Cart 12,0.000000,0.008194,0.991701,0.000000,0.000104
2023-03-05,2,Cart 13,0.000000,0.004236,0.995660,0.000000,0.000104
2023-03-05,2,Pallet truck 14,0.000000,0.000000,0.999896,0.000000,0.000104
2023-03-05,2,Cart 15,0.000000,0.032847,0.967049,0.000000,0.000104
2023-03-05,2,Cart 16,0.000000,0.005069,0.994826,0.000000,0.000104
2023-03-05,2,Forklift 17,0.000000,0.076076,0.862917,0.000000,0.061007
2023-03-06,1,Forklift 01,0.064236,0.020382,0.908160,0.000000,0.007222
2023-03-06,1,Pallet truck 02,0.062465,0.010868,0.734340,0.000000,0.192326
2023-03-06,1,Pallet truck 03,0.000000,0.000000,0.999896,0.000000,0.000104
2023-03-06,1,Cart 04,0.048785,0.018194,0.931076,0.000000,0.001944
2023-03-06,1,Cart 05,0.026424,0.000000,0.971181,0.000000,0.002396
2023-03-06,1,Forklift 06,0.000000,0.001250,0.998646,0.000000,0.000104
2023-03-06,1,Pallet truck 07,0.000000,0.000694,0.938993,0.000000,0.060312
2023-03-06,1,Pallet truck 08,0.000000,0.013368,0.968368,0.000000,0.018264
2023-03-06,1,Cart 09,0.025833,0.021250,0.952812,0.000000,0.000104
2023-03-06,1,Cart 10,0.015625,0.017083,0.967187,0.000000,0.000104
2023-03-06,1,Pallet truck 11,0.000000,0.010937,0.988958,0.000000,0.000104
2023-03-06,1,Cart 12,0.007812,0.004722,0.987361,0.000000,0.000104
2023-03-06,1,Cart 13,0.000000,0.003611,0.996285,0.000000,0.000104
2023-03-06,1,Pallet truck 14,0.000000,0.007361,0.799271,0.000000,0.193368
2023-03-06,1,Cart 15,0.021215,0.016632,0.962049,0.000000,0.000104
2023-03-06,1,Cart 16,0.000000,0.004444,0.995451,0.000000,0.000104
2023-03-06,1,Forklift 17,0.064792,0.115694,0.811146,0.000000,0.008368
2023-03-06,2,Forklift 01,0.007778,0.026007,0.966111,0.000000,0.000104
2023-03-06,2,Pallet truck 02,0.000000,0.014236,0.985660,0.000000,0.000104
2023-03-06,2,Pallet truck 03,0.000000,0.000000,0.999896,0.000000,0.000104
2023-03-06,2,Cart 04,0.027535,0.007049,0.965313,0.000000,0.000104
2023-03-06,2,Cart 05,0.014340,0.001701,0.983854,0.000000,0.000104
2023-03-06,2,Forklift 06,0.000000,0.001319,0.761007,0.237500,0.000174
2023-03-06,2,Pallet truck 07,0.000000,0.000000,0.999896,0.000000,0.000104
2023-03-06,2,Pallet truck 08,0.000000,0.000000,0.999896,0.000000,0.000104
2023-03-06,2,Cart 09,0.028264,0.001007,0.970625,0.000000,0.000104
2023-03-06,2,Cart 10,0.000000,0.004687,0.943194,0.005174,0.046944
2023-03-06,2,Pallet truck 11,0.000000,0.000000,0.900903,0.098056,0.001042
2023-03-06,2,Cart 12,0.000000,0.000000,0.931076,0.000000,0.068924
2023-03-06,2,Cart 13,0.000000,0.000000,0.999896,0.000000,0.000104
2023-03-06,2,Pallet truck 14,0.000000,0.001528,0.829028,0.000000,0.169444
2023-03-06,2,Cart 15,0.000000,0.002986,0.996910,0.000000,0.000104
2023-03-06,2,Cart 16,0.000000,0.008576,0.826528,0.000000,0.164896
2023-03-06,2,Forklift 17,0.000000,0.064687,0.874340,0.000000,0.060972
2023-03-06,3,Forklift 01,0.000000,0.016458,0.635451,0.272917,0.075174
2023-03-06,3,Pallet truck 02,0.017014,0.002014,0.676562,0.239583,0.064826
2023-03-06,3,Pallet truck 03,0.000000,0.000000,0.799167,0.127083,0.073750
2023-03-06,3,Cart 04,0.000000,0.031840,0.968056,0.000000,0.000104
2023-03-06,3,Cart 05,0.000000,0.000382,0.388646,0.431250,0.179722
2023-03-06,3,Forklift 06,0.000000,0.010035,0.989861,0.000000,0.000104
2023-03-06,3,Pallet truck 07,0.000000,0.000000,0.959132,0.000000,0.040868
2023-03-06,3,Pallet truck 08,0.000000,0.000000,0.160000,0.625000,0.215000
2023-03-06,3,Cart 09,0.000000,0.013681,0.806771,0.000000,0.179549
2023-03-06,3,Cart 10,0.013681,0.001875,0.984340,0.000000,0.000104
2023-03-06,3,Pallet truck 11,0.000000,0.003507,0.996389,0.000000,0.000104
2023-03-06,3,Cart 12,0.000000,0.000000,0.999896,0.000000,0.000104
2023-03-06,3,Cart 13,0.000000,0.000000,0.238021,0.000000,0.761979
2023-03-06,3,Pallet truck 14,0.000000,0.000000,0.999896,0.000000,0.000104
2023-03-06,3,Cart 15,0.000000,0.000000,0.999896,0.000000,0.000104
2023-03-06,3,Cart 16,0.000000,0.026285,0.973611,0.000000,0.000104
2023-03-06,3,Forklift 17,0.000000,0.082847,0.917049,0.000000,0.000104
2023-03-07,1,Forklift 01,0.012465,0.045660,0.677188,0.264583,0.000104
2023-03-07,1,Pallet truck 02,0.023090,0.006910,0.702361,0.261111,0.006528
2023-03-07,1,Pallet truck 03,0.014479,0.008993,0.701424,0.275000,0.000104
2023-03-07,1,Cart 04,0.038299,0.023368,0.640174,0.114583,0.183576
2023-03-07,1,Cart 05,0.000000,0.005382,0.717431,0.277083,0.000104
2023-03-07,1,Forklift 06,0.000000,0.013437,0.986458,0.000000,0.000104
2023-03-07,1,Pallet truck 07,0.001771,0.028264,0.964688,0.000000,0.005278
2023-03-07,1,Pallet truck 08,0.000000,0.037500,0.671667,0.283333,0.007500
2023-03-07,1,Cart 09,0.026806,0.008993,0.770243,0.127083,0.066875
2023-03-07,1,Cart 10,0.000000,0.020938,0.814549,0.000000,0.164514
2023-03-07,1,Pallet truck 11,0.012118,0.000868,0.986910,0.000000,0.000104
2023-03-07,1,Cart 12,0.012188,0.005382,0.982326,0.000000,0.000104
2023-03-07,1,Cart 13,0.000000,0.013333,0.378056,0.000000,0.608611
2023-03-07,1,Pallet truck 14,0.037569,0.010521,0.885035,0.000000,0.066875
2023-03-07,1,Cart 15,0.025347,0.003854,0.957882,0.000000,0.012917
2023-03-07,1,Cart 16,0.000000,0.027882,0.971562,0.000000,0.000556
2023-03-07,1,Forklift 17,0.126111,0.098090,0.775382,0.000000,0.000417
2023-03-07,2,Forklift 01,0.023194,0.042569,0.933715,0.000000,0.000521
2023-03-07,2,Pallet truck 02,0.005764,0.010382,0.983750,0.000000,0.000104
2023-03-07,2,Pallet truck 03,0.000000,0.000000,0.999549,0.000000,0.000451
2023-03-07,2,Cart 04,0.000000,0.003090,0.833924,0.162500,0.000486
2023-03-07,2,Cart 05,0.000000,0.000000,0.943472,0.000000,0.056528
2023-03-07,2,Forklift 06,0.000000,0.020625,0.931701,0.000000,0.047674
2023-03-07,2,Pallet truck 07,0.000000,0.006354,0.859757,0.000000,0.133889
2023-03-07,2,Pallet truck 08,0.000000,0.006632,0.993264,0.000000,0.000104
2023-03-07,2,Cart 09,0.037431,0.009132,0.953333,0.000000,0.000104
2023-03-07,2,Cart 10,0.000000,0.000000,0.999896,0.000000,0.000104
2023-03-07,2,Pallet truck 11,0.000000,0.000000,0.999618,0.000000,0.000382
2023-03-07,2,Cart 12,0.000000,0.000313,0.835833,0.135417,0.028438
2023-03-07,2,Cart 13,0.000000,0.010208,0.989444,0.000000,0.000347
2023-03-07,2,Pallet truck 14,0.000000,0.000000,0.999583,0.000000,0.000417
2023-03-07,2,Cart 15,0.000000,0.000000,0.952674,0.000000,0.047326
2023-03-07,2,Cart 16,0.000000,0.013229,0.986146,0.000000,0.000625
2023-03-07,2,Forklift 17,0.000000,0.008576,0.990868,0.000000,0.000556
2023-03-07,3,Forklift 01,0.005833,0.038993,0.955069,0.000000,0.000104
2023-03-07,3,Pallet truck 02,0.018472,0.011042,0.970382,0.000000,0.000104
2023-03-07,3,Pallet truck 03,0.010799,0.000000,0.989097,0.000000,0.000104
2023-03-07,3,Cart 04,0.000000,0.044896,0.955000,0.000000,0.000104
2023-03-07,3,Cart 05,0.000000,0.000000,0.999896,0.000000,0.000104
2023-03-07,3,Forklift 06,0.000000,0.000000,0.999896,0.000000,0.000104
2023-03-07,3,Pallet truck 07,0.000000,0.006701,0.993194,0.000000,0.000104
2023-03-07,3,Pallet truck 08,0.000000,0.011042,0.988854,0.000000,0.000104
2023-03-07,3,Cart 09,0.000000,0.000000,0.999896,0.000000,0.000104
2023-03-07,3,Cart 10,0.000000,0.000313,0.924792,0.000000,0.074896
2023-03-07,3,Pallet truck 11,0.000000,0.014271,0.985625,0.000000,0.000104
2023-03-07,3,Cart 12,0.000000,0.000000,0.999896,0.000000,0.000104
2023-03-07,3,Cart 13,0.000000,0.001563,0.998333,0.000000,0.000104
2023-03-07,3,Pallet truck 14,0.000000,0.007500,0.992396,0.000000,0.000104
2023-03-07,3,Cart 15,0.000000,0.000000,0.999896,0.000000,0.000104
2023-03-07,3,Cart 16,0.000000,0.000000,0.999896,0.000000,0.000104
2023-03-07,3,Forklift 17,0.007257,0.028958,0.737778,0.000000,0.226007
2023-03-08,1,Forklift 01,0.014549,0.020382,0.960833,0.000000,0.004236
2023-03-08,1,Pallet truck 02,0.050035,0.016007,0.924826,0.000000,0.009132
2023-03-08,1,Pallet truck 03,0.000000,0.000313,0.991632,0.000000,0.008056
2023-03-08,1,Cart 04,0.053368,0.018507,0.911146,0.000000,0.016979
2023-03-08,1,Cart 05,0.014618,0.008056,0.941354,0.000000,0.035972
2023-03-08,1,Forklift 06,0.034688,0.004792,0.875382,0.000000,0.085139
2023-03-08,1,Pallet truck 07,0.000000,0.003542,0.981875,0.000000,0.014583
2023-03-08,1,Pallet truck 08,0.000000,0.000660,0.983507,0.000278,0.015556
2023-03-08,1,Cart 09,0.002708,0.012986,0.930451,0.000000,0.053854
2023-03-08,1,Cart 10,0.000000,0.008993,0.957083,0.000000,0.033924
2023-03-08,1,Pallet truck 11,0.000000,0.004514,0.989618,0.000000,0.005868
2023-03-08,1,Cart 12,0.036736,0.002812,0.954583,0.000000,0.005868
2023-03-08,1,Cart 13,0.000000,0.012604,0.980799,0.000000,0.006597
2023-03-08,1,Pallet truck 14,0.000000,0.016042,0.974410,0.000000,0.009549
2023-03-08,1,Cart 15,0.028993,0.001979,0.955556,0.000000,0.013472
2023-03-08,1,Cart 16,0.000000,0.025243,0.961181,0.000000,0.013576
2023-03-08,1,Forklift 17,0.026424,0.022465,0.936042,0.000208,0.014861
2023-03-08,2,Forklift 01,0.000000,0.034132,0.965764,0.000000,0.000104
2023-03-08,2,Pallet truck 02,0.011424,0.016875,0.971597,0.000000,0.000104
2023-03-08,2,Pallet truck 03,0.000000,0.001632,0.966458,0.000000,0.031910
2023-03-08,2,Cart 04,0.008403,0.003090,0.988403,0.000000,0.000104
2023-03-08,2,Cart 05,0.022639,0.009826,0.967431,0.000000,0.000104
2023-03-08,2,Forklift 06,0.000000,0.006181,0.993681,0.000000,0.000139
2023-03-08,2,Pallet truck 07,0.000000,0.000000,0.999896,0.000000,0.000104
2023-03-08,2,Pallet truck 08,0.000000,0.000000,0.999896,0.000000,0.000104
2023-03-08,2,Cart 09,0.032083,0.006562,0.961250,0.000000,0.000104
2023-03-08,2,Cart 10,0.012188,0.000590,0.907153,0.000000,0.080069
2023-03-08,2,Pallet truck 11,0.000000,0.000000,0.999896,0.000000,0.000104
2023-03-08,2,Cart 12,0.000000,0.000000,0.999896,0.000000,0.000104
2023-03-08,2,Cart 13,0.000000,0.003021,0.996875,0.000000,0.000104
2023-03-08,2,Pallet truck 14,0.000000,0.000000,0.082951,0.000000,0.917049
2023-03-08,2,Cart 15,0.000000,0.000000,0.999896,0.000000,0.000104
2023-03-08,2,Cart 16,0.000000,0.006667,0.993229,0.000000,0.000104
2023-03-08,2,Forklift 17,0.000000,0.031285,0.968611,0.000000,0.000104
2023-03-08,3,Forklift 01,0.016007,0.015833,0.943785,0.000000,0.024375
2023-03-08,3,Pallet truck 02,0.000000,0.016146,0.977187,0.000278,0.006389
2023-03-08,3,Pallet truck 03,0.000000,0.000486,0.986007,0.000000,0.013507
2023-03-08,3,Cart 04,0.003472,0.009097,0.978715,0.000000,0.008715
2023-03-08,3,Cart 05,0.000000,0.000174,0.989514,0.000000,0.010313
2023-03-08,3,Forklift 06,0.000000,0.010035,0.984583,0.000000,0.005382
2023-03-08,3,Pallet truck 07,0.000000,0.000000,0.992500,0.000000,0.007500
2023-03-08,3,Pallet truck 08,0.006840,0.016806,0.965000,0.000000,0.011354
2023-03-08,3,Cart 09,0.000000,0.009236,0.983021,0.000000,0.007743
2023-03-08,3,Cart 10,0.000000,0.006354,0.984618,0.000000,0.009028
2023-03-08,3,Pallet truck 11,0.000000,0.000000,0.993264,0.000000,0.006736
2023-03-08,3,Cart 12,0.000000,0.004444,0.986632,0.000000,0.008924
2023-03-08,3,Cart 13,0.000000,0.003646,0.993368,0.000000,0.002986
2023-03-08,3,Cart 15,0.006736,0.000000,0.984410,0.000000,0.008854
2023-03-08,3,Cart 16,0.000000,0.002118,0.987014,0.000000,0.010868
2023-03-08,3,Forklift 17,0.000000,0.058507,0.937326,0.000000,0.004167
2023-03-09,1,Forklift 01,0.012639,0.003299,0.983958,0.000000,0.000104
2023-03-09,1,Pallet truck 02,0.000000,0.018160,0.981632,0.000104,0.000104
2023-03-09,1,Pallet truck 03,0.000000,0.000000,0.999896,0.000000,0.000104
2023-03-09,1,Cart 04,0.123333,0.016424,0.790174,0.000000,0.070069
2023-03-09,1,Cart 05,0.000000,0.000000,0.999618,0.000000,0.000382
2023-03-09,1,Forklift 06,0.000000,0.003750,0.996146,0.000000,0.000104
2023-03-09,1,Pallet truck 07,0.038715,0.000000,0.898472,0.000000,0.062812
2023-03-09,1,Pallet truck 08,0.000000,0.017257,0.979896,0.000000,0.002847
2023-03-09,1,Cart 09,0.002604,0.008194,0.989097,0.000000,0.000104
2023-03-09,1,Cart 10,0.000000,0.000000,0.999896,0.000000,0.000104
2023-03-09,1,Pallet truck 11,0.000000,0.000000,0.999896,0.000000,0.000104
2023-03-09,1,Cart 12,0.020556,0.005764,0.973264,0.000000,0.000417
2023-03-09,1,Cart 13,0.019931,0.002535,0.977431,0.000000,0.000104
2023-03-09,1,Cart 15,0.029549,0.001424,0.968611,0.000000,0.000417
2023-03-09,1,Cart 16,0.017708,0.002882,0.978993,0.000000,0.000417
2023-03-09,1,Forklift 17,0.102118,0.093854,0.803819,0.000104,0.000104
2023-03-09,2,Forklift 01,0.009097,0.045035,0.815590,0.000000,0.130278
2023-03-09,2,Pallet truck 02,0.000000,0.016319,0.841562,0.000000,0.142118
2023-03-09,2,Pallet truck 03,0.000000,0.000000,0.998785,0.000000,0.001215
2023-03-09,2,Cart 04,0.041354,0.022014,0.936528,0.000000,0.000104
2023-03-09,2,Cart 05,0.000000,0.000625,0.916806,0.000000,0.082569
2023-03-09,2,Forklift 06,0.000000,0.010208,0.891424,0.000000,0.098368
2023-03-09,2,Pallet truck 07,0.013125,0.008715,0.958958,0.000000,0.019201
2023-03-09,2,Pallet truck 08,0.000000,0.000000,0.929375,0.000000,0.070625
2023-03-09,2,Cart 09,0.000000,0.000000,0.999896,0.000000,0.000104
2023-03-09,2,Cart 10,0.000000,0.000208,0.771111,0.000000,0.228681
2023-03-09,2,Pallet truck 11,0.000000,0.001771,0.637743,0.000000,0.360486
2023-03-09,2,Cart 12,0.000000,0.000000,0.999896,0.000000,0.000104
2023-03-09,2,Cart 13,0.000000,0.000000,0.999896,0.000000,0.000104
2023-03-09,2,Cart 15,0.000000,0.000000,0.921354,0.000000,0.078646
2023-03-09,2,Cart 16,0.003854,0.012778,0.912500,0.000000,0.070868
2023-03-09,2,Forklift 17,0.000000,0.046458,0.733056,0.000000,0.220486
2023-03-09,3,Forklift 01,0.000000,0.022917,0.626215,0.302083,0.048785
2023-03-09,3,Pallet truck 02,0.000000,0.001910,0.687986,0.197917,0.112187
2023-03-09,3,Pallet truck 03,0.000000,0.000000,0.999896,0.000000,0.000104
2023-03-09,3,Cart 04,0.004653,0.010000,0.924063,0.000000,0.061285
2023-03-09,3,Cart 05,0.000000,0.000000,0.929965,0.000000,0.070035
2023-03-09,3,Forklift 06,0.000000,0.000000,0.999896,0.000000,0.000104
2023-03-09,3,Pallet truck 07,0.000000,0.002951,0.943333,0.000000,0.053715
2023-03-09,3,Pallet truck 08,0.000000,0.016146,0.983750,0.000000,0.000104
2023-03-09,3,Cart 09,0.000000,0.000000,0.999896,0.000000,0.000104
2023-03-09,3,Cart 10,0.016493,0.000000,0.983403,0.000000,0.000104
2023-03-09,3,Pallet truck 11,0.000000,0.009931,0.961806,0.000000,0.028264
2023-03-09,3,Cart 12,0.000000,0.000000,0.999896,0.000000,0.000104
2023-03-09,3,Cart 13,0.000000,0.003438,0.942674,0.000000,0.053889
2023-03-09,3,Cart 15,0.000000,0.000000,0.999896,0.000000,0.000104
2023-03-09,3,Cart 16,0.000000,0.015972,0.983750,0.000174,0.000104
2023-03-09,3,Forklift 17,0.000000,0.091007,0.880313,0.000208,0.028472
2023-03-10,1,Forklift 01,0.018924,0.012222,0.695833,0.272917,0.000104
2023-03-10,1,Pallet truck 02,0.027431,0.021493,0.673889,0.277083,0.000104
2023-03-10,1,Pallet truck 03,0.000000,0.000000,0.999583,0.000000,0.000417
2023-03-10,1,Cart 04,0.050486,0.047292,0.899826,0.000174,0.002222
2023-03-10,1,Cart 05,0.000000,0.000000,0.999514,0.000000,0.000486
2023-03-10,1,Forklift 06,0.021389,0.032639,0.915833,0.000000,0.030139
2023-03-10,1,Pallet truck 07,0.000000,0.000451,0.999444,0.000000,0.000104
2023-03-10,1,Pallet truck 08,0.055451,0.005521,0.889375,0.000000,0.049653
2023-03-10,1,Cart 09,0.000000,0.000000,0.796910,0.156250,0.046840
2023-03-10,1,Cart 10,0.005174,0.005590,0.944132,0.000000,0.045104
2023-03-10,1,Pallet truck 11,0.000000,0.000000,0.999896,0.000000,0.000104
2023-03-10,1,Cart 12,0.000000,0.007257,0.591319,0.000000,0.401424
2023-03-10,1,Cart 13,0.000000,0.005104,0.986771,0.000000,0.008125
2023-03-10,1,Cart 15,0.012049,0.013160,0.974688,0.000000,0.000104
2023-03-10,1,Cart 16,0.000000,0.039931,0.863715,0.000000,0.096354
2023-03-10,1,Forklift 17,0.062917,0.028542,0.893785,0.000000,0.014757
2023-03-10,2,Forklift 01,0.012049,0.019896,0.967951,0.000000,0.000104
2023-03-10,2,Pallet truck 02,0.000000,0.012222,0.987674,0.000000,0.000104
2023-03-10,2,Pallet truck 03,0.000000,0.000000,0.886042,0.000000,0.113958
2023-03-10,2,Cart 04,0.011458,0.000764,0.934410,0.000000,0.053368
2023-03-10,2,Cart 05,0.000000,0.000000,0.454236,0.000000,0.545764
2023-03-10,2,Forklift 06,0.000000,0.000000,0.999896,0.000000,0.000104
2023-03-10,2,Pallet truck 07,0.000000,0.000000,0.999896,0.000000,0.000104
2023-03-10,2,Pallet truck 08,0.000000,0.000000,0.999896,0.000000,0.000104
2023-03-10,2,Cart 09,0.014861,0.003160,0.981875,0.000000,0.000104
2023-03-10,2,Cart 10,0.000000,0.004028,0.995868,0.000000,0.000104
2023-03-10,2,Pallet truck 11,0.000000,0.000000,0.771042,0.204167,0.024792
2023-03-10,2,Cart 13,0.000000,0.000000,0.941111,0.000000,0.058889
2023-03-10,2,Cart 15,0.000000,0.000000,0.999896,0.000000,0.000104
2023-03-10,2,Cart 16,0.000000,0.008229,0.991667,0.000000,0.000104
2023-03-10,2,Forklift 17,0.000000,0.051528,0.947465,0.000000,0.001007
2023-03-11,1,Forklift 01,0.000000,0.188785,0.811111,0.000000,0.000104
2023-03-11,1,Pallet truck 02,0.000000,0.012014,0.930660,0.000000,0.057326
2023-03-11,1,Pallet truck 03,0.000000,0.070208,0.869340,0.000000,0.060451
2023-03-11,1,Cart 04,0.000000,0.013090,0.986806,0.000000,0.000104
2023-03-11,1,Cart 05,0.000000,0.000556,0.748924,0.000000,0.250521
2023-03-11,1,Forklift 06,0.000000,0.013924,0.931632,0.000000,0.054444
2023-03-11,1,Pallet truck 07,0.015486,0.004861,0.863333,0.000000,0.116319
2023-03-11,1,Pallet truck 08,0.000000,0.001493,0.960972,0.000000,0.037535
2023-03-11,1,Cart 09,0.000000,0.000000,0.999896,0.000000,0.000104
2023-03-11,1,Cart 10,0.000000,0.001771,0.750208,0.000000,0.248021
2023-03-11,1,Pallet truck 11,0.000000,0.000000,0.156146,0.843125,0.000729
2023-03-11,1,Cart 13,0.000000,0.106910,0.892986,0.000000,0.000104
2023-03-11,1,Cart 16,0.000000,0.127500,0.775694,0.000000,0.096806
2023-03-11,1,Forklift 17,0.000000,0.000000,0.999896,0.000000,0.000104
